2026-01-02 00:00:00|15|sharp_zhunzhun|USER_CHAT_PAID|2026-01-02 15:40:54|Unnamed: 5|2zdsl9cfp33qu3krm0vb1hw8_kuaishou_21848961|ioa.wangda.zhunzhun|Unnamed: 8|ios|Unnamed: 10|Unnamed: 11|Unnamed: 12|Unnamed: 13|Unnamed: 14|{"flow_id":"4666692","ev":"USER_CHAT_PAID","true_paid_amount":"12718","expert_id":"1821","valid_minute":"21","channel":"0cb32972fcf94dfa8673678b00317642","vc_id":"1568815","vc_type":"0","valid_duration":"1281","user_id":"1077984","request_time":"2026-01-02 15:19:31","start_time":"2026-01-02 15:19:33","end_time":"2026-01-02 15:40:54","chat_price":"800","pn":"ioa.wangda.zhunzhun","pv":"2.0.6","an":"zhunzhun","device_id":"2zdsl9cfp33qu3krm0vb1hw8_kuaishou_21848961","logtime":"2026-01-02 15:40:54","cgi":"sharp_zhunzhun","free_minute":"0","expert_income":"5400","activity_minute":0,"activity_income":"0","puid_v3":"a17ccad873bb57f7ca124049b39fea59","flow_trace_id":"voice_4666692"}
2026-01-01|10|sharp_zhunzhun|USER_CHAT_PAID|2026-01-01 10:21:48||7dphwrriuwxvn2hymgv1yse7_baidu_huanyu140|com.wangda.zhunzhun||android||||||{"flow_id":"5878230","ev":"USER_CHAT_PAID","true_paid_amount":"56060","expert_id":"2417","valid_minute":"62","channel":"6558a0fd521c465d913d55590400cc46","vc_id":"1566228","vc_type":"0","valid_duration":"3693","user_id":"2097088","request_time":"2026-01-01 09:20:07","start_time":"2026-01-01 09:20:14","end_time":"2026-01-01 10:21:48","chat_price":"1000","pn":"com.wangda.zhunzhun","pv":"2.3.6","an":"zhunzhun","device_id":"7dphwrriuwxvn2hymgv1yse7_baidu_huanyu140","logtime":"2026-01-01 10:21:48","cgi":"sharp_zhunzhun","free_minute":"0","expert_income":"22483","activity_minute":0,"activity_income":"0","puid_v3":"c2f44bf00f4e3c06c724191fed697774","flow_trace_id":"6c59b02a-69fa-4da6-ae69-e7f0fbea2c55"}
2026-01-01|10|sharp_zhunzhun|USER_CHAT_PAID|2026-01-01 10:27:38||ls8x9rz70myjds0um1awqfmt_weibo_7776460205|com.wangda.zhunzhun||android||||||{"flow_id":"4638100","ev":"USER_CHAT_PAID","true_paid_amount":"60000","expert_id":"823","valid_minute":"67","channel":"bc11c235030643f5971047e1846f67cd","vc_id":"1566229","vc_type":"0","valid_duration":"4049","user_id":"624983","request_time":"2026-01-01 09:20:07","start_time":"2026-01-01 09:20:09","end_time":"2026-01-01 10:27:38","chat_price":"1100","pn":"com.wangda.zhunzhun","pv":"2.3.9","an":"zhunzhun","device_id":"ls8x9rz70myjds0um1awqfmt_weibo_7776460205","logtime":"2026-01-01 10:27:38","cgi":"sharp_zhunzhun","free_minute":"0","expert_income":"28383","activity_minute":0,"activity_income":"0","puid_v3":"fef621c537310632afd392c2fba7842b","flow_trace_id":"voice_4638100"}
2026-01-01|10|sharp_zhunzhun|USER_CHAT_PAID|2026-01-01 10:32:01||qvy51eopygzf1kj5m3mjx8iv_kuaishou_33987712|com.wangda.zhunzhun||android||||||{"flow_id":"","ev":"USER_CHAT_PAID","true_paid_amount":"10000","expert_id":"1462","valid_minute":"31","channel":"2f25a06264ea404e945cd7c2769807c8","vc_id":"1566278","vc_type":"0","valid_duration":"1860","user_id":"1371933","request_time":"2026-01-01 10:00:58","start_time":"2026-01-01 10:01:01","end_time":"2026-01-01 10:32:01","chat_price":"1200","pn":"com.wangda.zhunzhun","pv":"2.3.9","an":"zhunzhun","device_id":"qvy51eopygzf1kj5m3mjx8iv_kuaishou_33987712","logtime":"2026-01-01 10:32:01","cgi":"sharp_zhunzhun","free_minute":"0","expert_income":"12703","activity_minute":0,"activity_income":"0","puid_v3":"803b54274d1b2427380fc1b9a8dc4dc7","flow_trace_id":"nature_2025-11-10"}
2026-01-01|10|sharp_zhunzhun|USER_CHAT_PAID|2026-01-01 10:42:34||3jdxaa3j1icf8zgbm911u286_baidu_huanyu66|ioa.wangda.zhunzhun||ios||||||{"flow_id":"4627671","ev":"USER_CHAT_PAID","true_paid_amount":"8800","expert_id":"1766","valid_minute":"7","channel":"1b3a893f8a15441cbae7691998c536f3","vc_id":"1566325","vc_type":"0","valid_duration":"423","user_id":"1613954","request_time":"2026-01-01 10:35:27","start_time":"2026-01-01 10:35:31","end_time":"2026-01-01 10:42:34","chat_price":"1300","pn":"ioa.wangda.zhunzhun","pv":"2.0.6","an":"zhunzhun","device_id":"3jdxaa3j1icf8zgbm911u286_baidu_huanyu66","logtime":"2026-01-01 10:42:34","cgi":"sharp_zhunzhun","free_minute":"0","expert_income":"3615","activity_minute":0,"activity_income":"0","puid_v3":"2721961b866383c833e8a8334ee21099","flow_trace_id":"voice_4627671"}
2026-01-01|2|sharp_zhunzhun|USER_CHAT_PAID|2026-01-01 02:22:59||5yl7t9nvlnhf04lhm6gev17u_weibo_7942782267|ioa.wangda.zhunzhun||ios||||||{"flow_id":"","ev":"USER_CHAT_PAID","true_paid_amount":"8800","expert_id":"2164","valid_minute":"52","channel":"28dea2676b7441ff95e760cca01c4112","vc_id":"1565936","vc_type":"0","valid_duration":"3120","user_id":"1478640","request_time":"2026-01-01 01:30:57","start_time":"2026-01-01 01:30:59","end_time":"2026-01-01 02:22:59","chat_price":"700","pn":"ioa.wangda.zhunzhun","pv":"2.0.6","an":"zhunzhun","device_id":"5yl7t9nvlnhf04lhm6gev17u_weibo_7942782267","logtime":"2026-01-01 02:22:59","cgi":"sharp_zhunzhun","free_minute":"0","expert_income":"12351","activity_minute":0,"activity_income":"0","puid_v3":"2ea29e4e16c500a2fd5ba87d6a770fab","flow_trace_id":"nature_2025-12-06"}
2026-01-02|18|sharp_zhunzhun|USER_CHAT_PAID|2026-01-02 18:08:54||zb1sjdakg26vhc1sm3q0u53i_baidu_huanyu144|ioa.wangda.zhunzhun||ios||||||{"flow_id":"5484426","ev":"USER_CHAT_PAID","true_paid_amount":"8800","expert_id":"2054","valid_minute":"9","channel":"62862e2ce0b64ac1a34016a5c4fa2a02","vc_id":"1569049","vc_type":"0","valid_duration":"540","user_id":"1374454","request_time":"2026-01-02 17:59:47","start_time":"2026-01-02 17:59:54","end_time":"2026-01-02 18:08:54","chat_price":"1200","pn":"ioa.wangda.zhunzhun","pv":"2.0.6","an":"zhunzhun","device_id":"zb1sjdakg26vhc1sm3q0u53i_baidu_huanyu144","logtime":"2026-01-02 18:08:54","cgi":"sharp_zhunzhun","free_minute":"0","expert_income":"4159","activity_minute":0,"activity_income":"0","puid_v3":"9db22adca7260c0471ee64b01c43a23f","flow_trace_id":"89F17A85-BB8C-42CC-A8DC-ED83A6ED3506"}
2026-01-02|18|sharp_zhunzhun|USER_CHAT_PAID|2026-01-02 18:18:18||zb1sjdakg26vhc1sm3q0u53i_baidu_huanyu144|ioa.wangda.zhunzhun||ios||||||{"flow_id":"5484426","ev":"USER_CHAT_PAID","true_paid_amount":"8800","expert_id":"2054","valid_minute":"9","channel":"a1aeb115532a4ffc9a5ebf096048e130","vc_id":"1569071","vc_type":"0","valid_duration":"540","user_id":"1374454","request_time":"2026-01-02 18:09:16","start_time":"2026-01-02 18:09:18","end_time":"2026-01-02 18:18:18","chat_price":"1200","pn":"ioa.wangda.zhunzhun","pv":"2.0.6","an":"zhunzhun","device_id":"zb1sjdakg26vhc1sm3q0u53i_baidu_huanyu144","logtime":"2026-01-02 18:18:18","cgi":"sharp_zhunzhun","free_minute":"0","expert_income":"4159","activity_minute":0,"activity_income":"0","puid_v3":"9db22adca7260c0471ee64b01c43a23f","flow_trace_id":"89F17A85-BB8C-42CC-A8DC-ED83A6ED3506"}
2026-01-02|18|sharp_zhunzhun|USER_CHAT_PAID|2026-01-02 18:28:13||zb1sjdakg26vhc1sm3q0u53i_baidu_huanyu144|ioa.wangda.zhunzhun||ios||||||{"flow_id":"5484426","ev":"USER_CHAT_PAID","true_paid_amount":"8800","expert_id":"2054","valid_minute":"9","channel":"b66e6abfe71c4c72a691660a5bd3fad8","vc_id":"1569090","vc_type":"0","valid_duration":"540","user_id":"1374454","request_time":"2026-01-02 18:19:11","start_time":"2026-01-02 18:19:13","end_time":"2026-01-02 18:28:13","chat_price":"1200","pn":"ioa.wangda.zhunzhun","pv":"2.0.6","an":"zhunzhun","device_id":"zb1sjdakg26vhc1sm3q0u53i_baidu_huanyu144","logtime":"2026-01-02 18:28:13","cgi":"sharp_zhunzhun","free_minute":"0","expert_income":"4159","activity_minute":0,"activity_income":"0","puid_v3":"9db22adca7260c0471ee64b01c43a23f","flow_trace_id":"89F17A85-BB8C-42CC-A8DC-ED83A6ED3506"}
2026-01-02|18|sharp_zhunzhun|USER_CHAT_PAID|2026-01-02 18:56:54||qvy51eopygzf1kj5m3mjx8iv_kuaishou_33987712|com.wangda.zhunzhun||android||||||{"flow_id":"","ev":"USER_CHAT_PAID","true_paid_amount":"0","expert_id":"1462","valid_minute":"28","channel":"4cc7b77a6e4041acbe873ebf1d86850f","vc_id":"1569108","vc_type":"0","valid_duration":"1680","user_id":"1371933","request_time":"2026-01-02 18:28:49","start_time":"2026-01-02 18:28:54","end_time":"2026-01-02 18:56:55","chat_price":"1200","pn":"com.wangda.zhunzhun","pv":"2.3.9","an":"zhunzhun","device_id":"qvy51eopygzf1kj5m3mjx8iv_kuaishou_33987712","logtime":"2026-01-02 18:56:54","cgi":"sharp_zhunzhun","free_minute":"5","expert_income":"8832","activity_minute":0,"activity_income":"0","puid_v3":"803b54274d1b2427380fc1b9a8dc4dc7","flow_trace_id":"nature_2025-11-10"}
2026-01-02|22|sharp_zhunzhun|USER_CHAT_PAID|2026-01-02 22:04:28||5yl7t9nvlnhf04lhm6gev17u_weibo_7942782267|ioa.wangda.zhunzhun||ios||||||{"flow_id":"","ev":"USER_CHAT_PAID","true_paid_amount":"0","expert_id":"1310","valid_minute":"38","channel":"f7bd0343f0cc4b64a9f446a38904f313","vc_id":"1569431","vc_type":"0","valid_duration":"2280","user_id":"1478640","request_time":"2026-01-02 21:26:24","start_time":"2026-01-02 21:26:27","end_time":"2026-01-02 22:04:28","chat_price":"1200","pn":"ioa.wangda.zhunzhun","pv":"2.0.6","an":"zhunzhun","device_id":"5yl7t9nvlnhf04lhm6gev17u_weibo_7942782267","logtime":"2026-01-02 22:04:28","cgi":"sharp_zhunzhun","free_minute":"15","expert_income":"8832","activity_minute":0,"activity_income":"0","puid_v3":"2ea29e4e16c500a2fd5ba87d6a770fab","flow_trace_id":"nature_2025-11-10"}
2026-01-02|22|sharp_zhunzhun|USER_CHAT_PAID|2026-01-02 22:24:32||qvy51eopygzf1kj5m3mjx8iv_kuaishou_33987712|com.wangda.zhunzhun||android||||||{"flow_id":"","ev":"USER_CHAT_PAID","true_paid_amount":"10000","expert_id":"1462","valid_minute":"30","channel":"51cfffc8292147adba89b95f94770f03","vc_id":"1569493","vc_type":"0","valid_duration":"1810","user_id":"1371933","request_time":"2026-01-02 21:54:15","start_time":"2026-01-02 21:54:21","end_time":"2026-01-02 22:24:32","chat_price":"1200","pn":"com.wangda.zhunzhun","pv":"2.3.9","an":"zhunzhun","device_id":"qvy51eopygzf1kj5m3mjx8iv_kuaishou_33987712","logtime":"2026-01-02 22:24:32","cgi":"sharp_zhunzhun","free_minute":"0","expert_income":"12319","activity_minute":0,"activity_income":"0","puid_v3":"803b54274d1b2427380fc1b9a8dc4dc7","flow_trace_id":"nature_2025-11-10"}
2026-01-02|22|sharp_zhunzhun|USER_CHAT_PAID|2026-01-02 22:35:22||5yl7t9nvlnhf04lhm6gev17u_weibo_7942782267|ioa.wangda.zhunzhun||ios||||||{"flow_id":"","ev":"USER_CHAT_PAID","true_paid_amount":"8800","expert_id":"1310","valid_minute":"30","channel":"fc71c9acc4104ba7a0213664b0dc6c68","vc_id":"1569528","vc_type":"0","valid_duration":"1800","user_id":"1478640","request_time":"2026-01-02 22:05:17","start_time":"2026-01-02 22:05:21","end_time":"2026-01-02 22:35:22","chat_price":"1200","pn":"ioa.wangda.zhunzhun","pv":"2.0.6","an":"zhunzhun","device_id":"5yl7t9nvlnhf04lhm6gev17u_weibo_7942782267","logtime":"2026-01-02 22:35:22","cgi":"sharp_zhunzhun","free_minute":"0","expert_income":"12222","activity_minute":0,"activity_income":"0","puid_v3":"2ea29e4e16c500a2fd5ba87d6a770fab","flow_trace_id":"nature_2025-11-10"}
2026-01-03|20|sharp_zhunzhun|USER_CHAT_PAID|2026-01-03 20:07:41||06559804CE34BDDAEB719757418B2833|ioa.wangda.zhunzhun||ios||||||{"flow_id":"","ev":"USER_CHAT_PAID","true_paid_amount":"5000","expert_id":"1724","valid_minute":"15","channel":"70e49b61474b4ec98efc49e8a299d904","vc_id":"1571143","vc_type":"0","valid_duration":"900","user_id":"1824550","request_time":"2026-01-03 19:52:36","start_time":"2026-01-03 19:52:41","end_time":"2026-01-03 20:07:41","chat_price":"1400","pn":"ioa.wangda.zhunzhun","pv":"2.0.6","an":"zhunzhun","device_id":"06559804CE34BDDAEB719757418B2833","logtime":"2026-01-03 20:07:41","cgi":"sharp_zhunzhun","free_minute":"10","expert_income":"2639","activity_minute":0,"activity_income":"0","puid_v3":"06559804CE34BDDAEB719757418B2833","flow_trace_id":"nature_2025-11-10"}
2026-01-03|20|sharp_zhunzhun|USER_CHAT_PAID|2026-01-03 20:44:29||zusrwmmnsfuxskoimgddernx_baidu_72813998|com.wangda.zhunzhun||android||||||{"flow_id":"","ev":"USER_CHAT_PAID","true_paid_amount":"12000","expert_id":"2476","valid_minute":"17","channel":"296eed7cf7a842f88bc467b0ee8d1dd6","vc_id":"1571210","vc_type":"0","valid_duration":"1026","user_id":"2059427","request_time":"2026-01-03 20:27:01","start_time":"2026-01-03 20:27:08","end_time":"2026-01-03 20:44:15","chat_price":"1000","pn":"com.wangda.zhunzhun","pv":"2.3.6","an":"zhunzhun","device_id":"zusrwmmnsfuxskoimgddernx_baidu_72813998","logtime":"2026-01-03 20:44:29","cgi":"sharp_zhunzhun","free_minute":"0","expert_income":"6399","activity_minute":0,"activity_income":"0","puid_v3":"dc69f8f093b90795c6b1a849aca8fe20","flow_trace_id":"a10f6327-8ba7-4f7d-aaea-8ba14c63410a"}
2026-01-02|17|sharp_zhunzhun|USER_CHAT_PAID|2026-01-02 17:38:22||zusrwmmnsfuxskoimgddernx_baidu_72813998|com.wangda.zhunzhun||android||||||{"flow_id":"","ev":"USER_CHAT_PAID","true_paid_amount":"40000","expert_id":"2476","valid_minute":"50","channel":"e103295a32a84776ae4b2ff8a83b7388","vc_id":"1568942","vc_type":"0","valid_duration":"2983","user_id":"2059427","request_time":"2026-01-02 16:48:31","start_time":"2026-01-02 16:48:38","end_time":"2026-01-02 17:38:22","chat_price":"1000","pn":"com.wangda.zhunzhun","pv":"2.3.6","an":"zhunzhun","device_id":"zusrwmmnsfuxskoimgddernx_baidu_72813998","logtime":"2026-01-02 17:38:22","cgi":"sharp_zhunzhun","free_minute":"0","expert_income":"19200","activity_minute":0,"activity_income":"0","puid_v3":"dc69f8f093b90795c6b1a849aca8fe20","flow_trace_id":"a10f6327-8ba7-4f7d-aaea-8ba14c63410a"}
2026-01-04|0|sharp_zhunzhun|USER_CHAT_PAID|2026-01-04 00:06:05||zb1sjdakg26vhc1sm3q0u53i_baidu_huanyu144|ioa.wangda.zhunzhun||ios||||||{"flow_id":"6126462","ev":"USER_CHAT_PAID","true_paid_amount":"7700","expert_id":"3140","valid_minute":"17","channel":"4a478f21c75843e2bd2d8c6d519a5ce4","vc_id":"1571634","vc_type":"0","valid_duration":"1020","user_id":"1374454","request_time":"2026-01-03 23:49:02","start_time":"2026-01-03 23:49:04","end_time":"2026-01-04 00:06:05","chat_price":"600","pn":"ioa.wangda.zhunzhun","pv":"2.0.6","an":"zhunzhun","device_id":"zb1sjdakg26vhc1sm3q0u53i_baidu_huanyu144","logtime":"2026-01-04 00:06:05","cgi":"sharp_zhunzhun","free_minute":"0","expert_income":"3879","activity_minute":0,"activity_income":"0","puid_v3":"9db22adca7260c0471ee64b01c43a23f","flow_trace_id":"40067105-5D31-4073-B361-6162C9FD2E09"}
2026-01-04|0|sharp_zhunzhun|USER_CHAT_PAID|2026-01-04 00:13:43||2zdsl9cfp33qu3krm0vb1hw8_kuaishou_21848961|ioa.wangda.zhunzhun||ios||||||{"flow_id":"","ev":"USER_CHAT_PAID","true_paid_amount":"13800","expert_id":"2711","valid_minute":"50","channel":"c1a5da8acc4040c0bb72a1e459aae95e","vc_id":"1571593","vc_type":"0","valid_duration":"3000","user_id":"1077984","request_time":"2026-01-03 23:23:41","start_time":"2026-01-03 23:23:43","end_time":"2026-01-04 00:13:44","chat_price":"700","pn":"ioa.wangda.zhunzhun","pv":"2.0.6","an":"zhunzhun","device_id":"2zdsl9cfp33qu3krm0vb1hw8_kuaishou_21848961","logtime":"2026-01-04 00:13:43","cgi":"sharp_zhunzhun","free_minute":"5","expert_income":"11183","activity_minute":0,"activity_income":"0","puid_v3":"a17ccad873bb57f7ca124049b39fea59","flow_trace_id":"A3DABC79-7AB7-40EB-8B33-167765720FD3"}
2025-12-31|21|sharp_zhunzhun|USER_CHAT_PAID|2025-12-31 21:13:03||zb1sjdakg26vhc1sm3q0u53i_baidu_huanyu144|ioa.wangda.zhunzhun||ios||||||{"flow_id":"5484426","ev":"USER_CHAT_PAID","true_paid_amount":"18500","expert_id":"2054","valid_minute":"17","channel":"2c3ed3d85efb4c769cdc9ef0c0b10bdd","vc_id":"1565410","vc_type":"0","valid_duration":"1020","user_id":"1374454","request_time":"2025-12-31 20:55:52","start_time":"2025-12-31 20:56:03","end_time":"2025-12-31 21:13:04","chat_price":"1200","pn":"ioa.wangda.zhunzhun","pv":"2.0.6","an":"zhunzhun","device_id":"zb1sjdakg26vhc1sm3q0u53i_baidu_huanyu144","logtime":"2025-12-31 21:13:03","cgi":"sharp_zhunzhun","free_minute":"0","expert_income":"8007","activity_minute":0,"activity_income":"0","puid_v3":"9db22adca7260c0471ee64b01c43a23f","flow_trace_id":"89F17A85-BB8C-42CC-A8DC-ED83A6ED3506"}
2025-12-31|21|sharp_zhunzhun|USER_CHAT_PAID|2025-12-31 21:22:26||zb1sjdakg26vhc1sm3q0u53i_baidu_huanyu144|ioa.wangda.zhunzhun||ios||||||{"flow_id":"5484426","ev":"USER_CHAT_PAID","true_paid_amount":"8800","expert_id":"2054","valid_minute":"9","channel":"5c7e6696756649d986ea2327b5d11e20","vc_id":"1565443","vc_type":"0","valid_duration":"540","user_id":"1374454","request_time":"2025-12-31 21:13:25","start_time":"2025-12-31 21:13:26","end_time":"2025-12-31 21:22:26","chat_price":"1200","pn":"ioa.wangda.zhunzhun","pv":"2.0.6","an":"zhunzhun","device_id":"zb1sjdakg26vhc1sm3q0u53i_baidu_huanyu144","logtime":"2025-12-31 21:22:26","cgi":"sharp_zhunzhun","free_minute":"0","expert_income":"4159","activity_minute":0,"activity_income":"0","puid_v3":"9db22adca7260c0471ee64b01c43a23f","flow_trace_id":"89F17A85-BB8C-42CC-A8DC-ED83A6ED3506"}
2025-12-31|21|sharp_zhunzhun|USER_CHAT_PAID|2025-12-31 21:32:18||zb1sjdakg26vhc1sm3q0u53i_baidu_huanyu144|ioa.wangda.zhunzhun||ios||||||{"flow_id":"5484426","ev":"USER_CHAT_PAID","true_paid_amount":"8800","expert_id":"2054","valid_minute":"9","channel":"46867702300b473791450fee6fa898f4","vc_id":"1565464","vc_type":"0","valid_duration":"540","user_id":"1374454","request_time":"2025-12-31 21:23:16","start_time":"2025-12-31 21:23:18","end_time":"2025-12-31 21:32:18","chat_price":"1200","pn":"ioa.wangda.zhunzhun","pv":"2.0.6","an":"zhunzhun","device_id":"zb1sjdakg26vhc1sm3q0u53i_baidu_huanyu144","logtime":"2025-12-31 21:32:18","cgi":"sharp_zhunzhun","free_minute":"0","expert_income":"4159","activity_minute":0,"activity_income":"0","puid_v3":"9db22adca7260c0471ee64b01c43a23f","flow_trace_id":"89F17A85-BB8C-42CC-A8DC-ED83A6ED3506"}
2025-12-31|21|sharp_zhunzhun|USER_CHAT_PAID|2025-12-31 21:43:03||5yl7t9nvlnhf04lhm6gev17u_weibo_7942782267|ioa.wangda.zhunzhun||ios||||||{"flow_id":"","ev":"USER_CHAT_PAID","true_paid_amount":"8800","expert_id":"1310","valid_minute":"9","channel":"6dcefea30d25416086f5b830542483ec","vc_id":"1565481","vc_type":"0","valid_duration":"560","user_id":"1478640","request_time":"2025-12-31 21:33:30","start_time":"2025-12-31 21:33:43","end_time":"2025-12-31 21:43:03","chat_price":"1200","pn":"ioa.wangda.zhunzhun","pv":"2.0.6","an":"zhunzhun","device_id":"5yl7t9nvlnhf04lhm6gev17u_weibo_7942782267","logtime":"2025-12-31 21:43:03","cgi":"sharp_zhunzhun","free_minute":"0","expert_income":"4159","activity_minute":0,"activity_income":"0","puid_v3":"2ea29e4e16c500a2fd5ba87d6a770fab","flow_trace_id":"nature_2025-11-10"}
2025-12-31|21|sharp_zhunzhun|USER_CHAT_PAID|2025-12-31 21:53:49||qvy51eopygzf1kj5m3mjx8iv_kuaishou_33987712|com.wangda.zhunzhun||android||||||{"flow_id":"","ev":"USER_CHAT_PAID","true_paid_amount":"16080","expert_id":"1462","valid_minute":"21","channel":"32ca1e55957b419494285627233da6bf","vc_id":"1565478","vc_type":"0","valid_duration":"1278","user_id":"1371933","request_time":"2025-12-31 21:32:24","start_time":"2025-12-31 21:32:30","end_time":"2025-12-31 21:53:49","chat_price":"1200","pn":"com.wangda.zhunzhun","pv":"2.3.9","an":"zhunzhun","device_id":"qvy51eopygzf1kj5m3mjx8iv_kuaishou_33987712","logtime":"2025-12-31 21:53:49","cgi":"sharp_zhunzhun","free_minute":"0","expert_income":"8742","activity_minute":0,"activity_income":"0","puid_v3":"803b54274d1b2427380fc1b9a8dc4dc7","flow_trace_id":"nature_2025-11-10"}
2025-12-31|21|sharp_zhunzhun|USER_CHAT_PAID|2025-12-31 21:54:32||zb1sjdakg26vhc1sm3q0u53i_baidu_huanyu144|ioa.wangda.zhunzhun||ios||||||{"flow_id":"5484426","ev":"USER_CHAT_PAID","true_paid_amount":"17600","expert_id":"2054","valid_minute":"22","channel":"c61977036106493796b48e6285a7acda","vc_id":"1565479","vc_type":"0","valid_duration":"1320","user_id":"1374454","request_time":"2025-12-31 21:32:30","start_time":"2025-12-31 21:32:32","end_time":"2025-12-31 21:54:32","chat_price":"1200","pn":"ioa.wangda.zhunzhun","pv":"2.0.6","an":"zhunzhun","device_id":"zb1sjdakg26vhc1sm3q0u53i_baidu_huanyu144","logtime":"2025-12-31 21:54:32","cgi":"sharp_zhunzhun","free_minute":"5","expert_income":"7935","activity_minute":0,"activity_income":"0","puid_v3":"9db22adca7260c0471ee64b01c43a23f","flow_trace_id":"89F17A85-BB8C-42CC-A8DC-ED83A6ED3506"}
2025-12-31|21|sharp_zhunzhun|USER_CHAT_PAID|2025-12-31 21:55:17||zusrwmmnsfuxskoimgddernx_baidu_72813998|com.wangda.zhunzhun||android||||||{"flow_id":"","ev":"USER_CHAT_PAID","true_paid_amount":"31230","expert_id":"2476","valid_minute":"41","channel":"000b82132c8141d486651a8855c14c18","vc_id":"1565447","vc_type":"0","valid_duration":"2459","user_id":"2059427","request_time":"2025-12-31 21:14:14","start_time":"2025-12-31 21:14:18","end_time":"2025-12-31 21:55:17","chat_price":"1000","pn":"com.wangda.zhunzhun","pv":"2.3.6","an":"zhunzhun","device_id":"zusrwmmnsfuxskoimgddernx_baidu_72813998","logtime":"2025-12-31 21:55:17","cgi":"sharp_zhunzhun","free_minute":"0","expert_income":"11297","activity_minute":0,"activity_income":"0","puid_v3":"dc69f8f093b90795c6b1a849aca8fe20","flow_trace_id":"a10f6327-8ba7-4f7d-aaea-8ba14c63410a"}
2026-01-03|19|sharp_zhunzhun|USER_CHAT_PAID|2026-01-03 19:43:55||06559804CE34BDDAEB719757418B2833|ioa.wangda.zhunzhun||ios||||||{"flow_id":"","ev":"USER_CHAT_PAID","true_paid_amount":"44800","expert_id":"1724","valid_minute":"34","channel":"c0b2a089d632499f8fad6cd656c8ee59","vc_id":"1571073","vc_type":"0","valid_duration":"2040","user_id":"1824550","request_time":"2026-01-03 19:09:53","start_time":"2026-01-03 19:09:55","end_time":"2026-01-03 19:43:55","chat_price":"1400","pn":"ioa.wangda.zhunzhun","pv":"2.0.6","an":"zhunzhun","device_id":"06559804CE34BDDAEB719757418B2833","logtime":"2026-01-03 19:43:55","cgi":"sharp_zhunzhun","free_minute":"0","expert_income":"18815","activity_minute":0,"activity_income":"0","puid_v3":"06559804CE34BDDAEB719757418B2833","flow_trace_id":"nature_2025-11-10"}
2026-01-03|9|sharp_zhunzhun|USER_CHAT_PAID|2026-01-03 09:10:32||qvy51eopygzf1kj5m3mjx8iv_kuaishou_33987712|com.wangda.zhunzhun||android||||||{"flow_id":"","ev":"USER_CHAT_PAID","true_paid_amount":"10000","expert_id":"1462","valid_minute":"31","channel":"f11c0606aaef4176b7a6b1e68aa695fb","vc_id":"1570154","vc_type":"0","valid_duration":"1860","user_id":"1371933","request_time":"2026-01-03 08:39:29","start_time":"2026-01-03 08:39:31","end_time":"2026-01-03 09:10:32","chat_price":"1200","pn":"com.wangda.zhunzhun","pv":"2.3.9","an":"zhunzhun","device_id":"qvy51eopygzf1kj5m3mjx8iv_kuaishou_33987712","logtime":"2026-01-03 09:10:32","cgi":"sharp_zhunzhun","free_minute":"0","expert_income":"12703","activity_minute":0,"activity_income":"0","puid_v3":"803b54274d1b2427380fc1b9a8dc4dc7","flow_trace_id":"nature_2025-11-10"}
2026-01-02|20|sharp_zhunzhun|USER_CHAT_PAID|2026-01-02 20:02:13||414kxcxi0nhbckhpmbg6t09s_weibo_7942782267|com.wangda.zhunzhun||android||||||{"flow_id":"","ev":"USER_CHAT_PAID","true_paid_amount":"20800","expert_id":"1122","valid_minute":"21","channel":"ff960b508f5045d8823adc33768c695e","vc_id":"1569217","vc_type":"0","valid_duration":"1260","user_id":"1740080","request_time":"2026-01-02 19:41:10","start_time":"2026-01-02 19:41:12","end_time":"2026-01-02 20:02:13","chat_price":"1800","pn":"com.wangda.zhunzhun","pv":"2.3.9","an":"zhunzhun","device_id":"414kxcxi0nhbckhpmbg6t09s_weibo_7942782267","logtime":"2026-01-02 20:02:13","cgi":"sharp_zhunzhun","free_minute":"0","expert_income":"13759","activity_minute":0,"activity_income":"0","puid_v3":"177b7ded7147d6663fa97cd8e8ff2000","flow_trace_id":"nature_2025-11-10"}
2026-01-02|20|sharp_zhunzhun|USER_CHAT_PAID|2026-01-02 20:18:14||5yl7t9nvlnhf04lhm6gev17u_weibo_7942782267|ioa.wangda.zhunzhun||ios||||||{"flow_id":"","ev":"USER_CHAT_PAID","true_paid_amount":"26800","expert_id":"1310","valid_minute":"46","channel":"703a930fb4c64d4bb18fe157cb9bdafc","vc_id":"1569204","vc_type":"0","valid_duration":"2760","user_id":"1478640","request_time":"2026-01-02 19:32:03","start_time":"2026-01-02 19:32:14","end_time":"2026-01-02 20:18:14","chat_price":"1200","pn":"ioa.wangda.zhunzhun","pv":"2.0.6","an":"zhunzhun","device_id":"5yl7t9nvlnhf04lhm6gev17u_weibo_7942782267","logtime":"2026-01-02 20:18:14","cgi":"sharp_zhunzhun","free_minute":"1","expert_income":"19422","activity_minute":0,"activity_income":"0","puid_v3":"2ea29e4e16c500a2fd5ba87d6a770fab","flow_trace_id":"nature_2025-11-10"}
2026-01-02|20|sharp_zhunzhun|USER_CHAT_PAID|2026-01-02 20:46:47||ls8x9rz70myjds0um1awqfmt_weibo_7776460205|com.wangda.zhunzhun||android||||||{"flow_id":"4638100","ev":"USER_CHAT_PAID","true_paid_amount":"67800","expert_id":"823","valid_minute":"71","channel":"e8b08b751fa547ff91ef542ba2b21171","vc_id":"1569208","vc_type":"0","valid_duration":"4273","user_id":"624983","request_time":"2026-01-02 19:35:31","start_time":"2026-01-02 19:35:34","end_time":"2026-01-02 20:46:47","chat_price":"1100","pn":"com.wangda.zhunzhun","pv":"2.3.9","an":"zhunzhun","device_id":"ls8x9rz70myjds0um1awqfmt_weibo_7776460205","logtime":"2026-01-02 20:46:47","cgi":"sharp_zhunzhun","free_minute":"0","expert_income":"30415","activity_minute":0,"activity_income":"0","puid_v3":"fef621c537310632afd392c2fba7842b","flow_trace_id":"voice_4638100"}
2026-01-03|17|sharp_zhunzhun|USER_CHAT_PAID|2026-01-03 17:04:17||414kxcxi0nhbckhpmbg6t09s_weibo_7942782267|com.wangda.zhunzhun||android||||||{"flow_id":"","ev":"USER_CHAT_PAID","true_paid_amount":"20000","expert_id":"1122","valid_minute":"13","channel":"1a8f35622593430799875d5f43579eb6","vc_id":"1570830","vc_type":"0","valid_duration":"784","user_id":"1740080","request_time":"2026-01-03 16:51:01","start_time":"2026-01-03 16:51:12","end_time":"2026-01-03 17:04:17","chat_price":"1800","pn":"com.wangda.zhunzhun","pv":"2.3.9","an":"zhunzhun","device_id":"414kxcxi0nhbckhpmbg6t09s_weibo_7942782267","logtime":"2026-01-03 17:04:17","cgi":"sharp_zhunzhun","free_minute":"1","expert_income":"8511","activity_minute":0,"activity_income":"0","puid_v3":"177b7ded7147d6663fa97cd8e8ff2000","flow_trace_id":"nature_2025-11-10"}
2026-01-01|21|sharp_zhunzhun|USER_CHAT_PAID|2026-01-01 21:03:42||zb1sjdakg26vhc1sm3q0u53i_baidu_huanyu144|ioa.wangda.zhunzhun||ios||||||{"flow_id":"5718577","ev":"USER_CHAT_PAID","true_paid_amount":"9201","expert_id":"2363","valid_minute":"11","channel":"351a3f0c89604c97a6f5308736b041f0","vc_id":"1567355","vc_type":"0","valid_duration":"660","user_id":"1374454","request_time":"2026-01-01 20:52:38","start_time":"2026-01-01 20:52:42","end_time":"2026-01-01 21:03:42","chat_price":"1100","pn":"ioa.wangda.zhunzhun","pv":"2.0.6","an":"zhunzhun","device_id":"zb1sjdakg26vhc1sm3q0u53i_baidu_huanyu144","logtime":"2026-01-01 21:03:42","cgi":"sharp_zhunzhun","free_minute":"0","expert_income":"4607","activity_minute":0,"activity_income":"0","puid_v3":"9db22adca7260c0471ee64b01c43a23f","flow_trace_id":"voice_5718577"}
2026-01-01|21|sharp_zhunzhun|USER_CHAT_PAID|2026-01-01 21:51:44||qvy51eopygzf1kj5m3mjx8iv_kuaishou_33987712|com.wangda.zhunzhun||android||||||{"flow_id":"","ev":"USER_CHAT_PAID","true_paid_amount":"11600","expert_id":"1462","valid_minute":"31","channel":"0fb6f50c2d274d44b0f05fb4a03ca5c2","vc_id":"1567413","vc_type":"0","valid_duration":"1860","user_id":"1371933","request_time":"2026-01-01 21:20:37","start_time":"2026-01-01 21:20:44","end_time":"2026-01-01 21:51:44","chat_price":"1200","pn":"com.wangda.zhunzhun","pv":"2.3.9","an":"zhunzhun","device_id":"qvy51eopygzf1kj5m3mjx8iv_kuaishou_33987712","logtime":"2026-01-01 21:51:44","cgi":"sharp_zhunzhun","free_minute":"0","expert_income":"12831","activity_minute":0,"activity_income":"0","puid_v3":"803b54274d1b2427380fc1b9a8dc4dc7","flow_trace_id":"nature_2025-11-10"}
2025-12-31|15|sharp_zhunzhun|USER_CHAT_PAID|2025-12-31 15:35:32||414kxcxi0nhbckhpmbg6t09s_weibo_7942782267|com.wangda.zhunzhun||android||||||{"flow_id":"","ev":"USER_CHAT_PAID","true_paid_amount":"17674","expert_id":"1122","valid_minute":"13","channel":"87a024b4b13c4f0e80ef7e91d7f36520","vc_id":"1564829","vc_type":"0","valid_duration":"763","user_id":"1740080","request_time":"2025-12-31 15:22:46","start_time":"2025-12-31 15:22:49","end_time":"2025-12-31 15:35:32","chat_price":"1800","pn":"com.wangda.zhunzhun","pv":"2.3.9","an":"zhunzhun","device_id":"414kxcxi0nhbckhpmbg6t09s_weibo_7942782267","logtime":"2025-12-31 15:35:32","cgi":"sharp_zhunzhun","free_minute":"0","expert_income":"7504","activity_minute":0,"activity_income":"0","puid_v3":"177b7ded7147d6663fa97cd8e8ff2000","flow_trace_id":"nature_2025-11-10"}
2025-12-31|15|sharp_zhunzhun|USER_CHAT_PAID|2025-12-31 15:46:04||5yl7t9nvlnhf04lhm6gev17u_weibo_7942782267|ioa.wangda.zhunzhun||ios||||||{"flow_id":"","ev":"USER_CHAT_PAID","true_paid_amount":"29950","expert_id":"1310","valid_minute":"57","channel":"dfa457477df948b68719f253896aa079","vc_id":"1564789","vc_type":"0","valid_duration":"3420","user_id":"1478640","request_time":"2025-12-31 14:48:52","start_time":"2025-12-31 14:49:03","end_time":"2025-12-31 15:46:04","chat_price":"1200","pn":"ioa.wangda.zhunzhun","pv":"2.0.6","an":"zhunzhun","device_id":"5yl7t9nvlnhf04lhm6gev17u_weibo_7942782267","logtime":"2025-12-31 15:46:04","cgi":"sharp_zhunzhun","free_minute":"0","expert_income":"18586","activity_minute":0,"activity_income":"0","puid_v3":"2ea29e4e16c500a2fd5ba87d6a770fab","flow_trace_id":"nature_2025-11-10"}
2026-01-02|14|sharp_zhunzhun|USER_CHAT_PAID|2026-01-02 14:14:13||zb1sjdakg26vhc1sm3q0u53i_baidu_huanyu144|ioa.wangda.zhunzhun||ios||||||{"flow_id":"5718577","ev":"USER_CHAT_PAID","true_paid_amount":"29700","expert_id":"2363","valid_minute":"29","channel":"1b6a40d22ac142b690b6ecad46e59fb3","vc_id":"1568659","vc_type":"0","valid_duration":"1740","user_id":"1374454","request_time":"2026-01-02 13:45:08","start_time":"2026-01-02 13:45:13","end_time":"2026-01-02 14:14:13","chat_price":"1100","pn":"ioa.wangda.zhunzhun","pv":"2.0.6","an":"zhunzhun","device_id":"zb1sjdakg26vhc1sm3q0u53i_baidu_huanyu144","logtime":"2026-01-02 14:14:13","cgi":"sharp_zhunzhun","free_minute":"0","expert_income":"12583","activity_minute":0,"activity_income":"0","puid_v3":"9db22adca7260c0471ee64b01c43a23f","flow_trace_id":"voice_5718577"}
2026-01-03|12|sharp_zhunzhun|USER_CHAT_PAID|2026-01-03 12:02:10||5yl7t9nvlnhf04lhm6gev17u_weibo_7942782267|ioa.wangda.zhunzhun||ios||||||{"flow_id":"6020009","ev":"USER_CHAT_PAID","true_paid_amount":"5000","expert_id":"1207","valid_minute":"14","channel":"03387392d08a455187a31745719ec0b0","vc_id":"1570360","vc_type":"0","valid_duration":"815","user_id":"1478640","request_time":"2026-01-03 11:48:32","start_time":"2026-01-03 11:48:35","end_time":"2026-01-03 12:02:10","chat_price":"800","pn":"ioa.wangda.zhunzhun","pv":"2.0.6","an":"zhunzhun","device_id":"5yl7t9nvlnhf04lhm6gev17u_weibo_7942782267","logtime":"2026-01-03 12:02:10","cgi":"sharp_zhunzhun","free_minute":"0","expert_income":"3983","activity_minute":0,"activity_income":"0","puid_v3":"2ea29e4e16c500a2fd5ba87d6a770fab","flow_trace_id":"voice_6020009"}
2026-01-03|12|sharp_zhunzhun|USER_CHAT_PAID|2026-01-03 12:22:46||06559804CE34BDDAEB719757418B2833|ioa.wangda.zhunzhun||ios||||||{"flow_id":"","ev":"USER_CHAT_PAID","true_paid_amount":"85000","expert_id":"1724","valid_minute":"62","channel":"d3561ac6e55d447db49aad2d63e09467","vc_id":"1570321","vc_type":"0","valid_duration":"3705","user_id":"1824550","request_time":"2026-01-03 11:20:54","start_time":"2026-01-03 11:21:00","end_time":"2026-01-03 12:22:46","chat_price":"1400","pn":"ioa.wangda.zhunzhun","pv":"2.0.6","an":"zhunzhun","device_id":"06559804CE34BDDAEB719757418B2833","logtime":"2026-01-03 12:22:46","cgi":"sharp_zhunzhun","free_minute":"0","expert_income":"34574","activity_minute":0,"activity_income":"0","puid_v3":"06559804CE34BDDAEB719757418B2833","flow_trace_id":"nature_2025-11-10"}
2026-01-03|12|sharp_zhunzhun|USER_CHAT_PAID|2026-01-03 12:35:59||2zdsl9cfp33qu3krm0vb1hw8_kuaishou_21848961|ioa.wangda.zhunzhun||ios||||||{"flow_id":"6071053","ev":"USER_CHAT_PAID","true_paid_amount":"17600","expert_id":"2066","valid_minute":"30","channel":"2226583bab4241d4b7b47ad5f3a12acb","vc_id":"1570381","vc_type":"0","valid_duration":"1813","user_id":"1077984","request_time":"2026-01-03 12:05:41","start_time":"2026-01-03 12:05:45","end_time":"2026-01-03 12:35:59","chat_price":"1000","pn":"ioa.wangda.zhunzhun","pv":"2.0.6","an":"zhunzhun","device_id":"2zdsl9cfp33qu3krm0vb1hw8_kuaishou_21848961","logtime":"2026-01-03 12:35:59","cgi":"sharp_zhunzhun","free_minute":"0","expert_income":"11007","activity_minute":0,"activity_income":"0","puid_v3":"a17ccad873bb57f7ca124049b39fea59","flow_trace_id":"180C5719-201B-4BEF-BB4A-5DB942BBC73C"}
2026-01-03|12|sharp_zhunzhun|USER_CHAT_PAID|2026-01-03 12:41:15||06559804CE34BDDAEB719757418B2833|ioa.wangda.zhunzhun||ios||||||{"flow_id":"","ev":"USER_CHAT_PAID","true_paid_amount":"8800","expert_id":"1724","valid_minute":"18","channel":"198f3e11d49d44f0a3a30c478153c3fb","vc_id":"1570410","vc_type":"0","valid_duration":"1080","user_id":"1824550","request_time":"2026-01-03 12:23:13","start_time":"2026-01-03 12:23:15","end_time":"2026-01-03 12:41:15","chat_price":"1400","pn":"ioa.wangda.zhunzhun","pv":"2.0.6","an":"zhunzhun","device_id":"06559804CE34BDDAEB719757418B2833","logtime":"2026-01-03 12:41:15","cgi":"sharp_zhunzhun","free_minute":"10","expert_income":"4287","activity_minute":0,"activity_income":"0","puid_v3":"06559804CE34BDDAEB719757418B2833","flow_trace_id":"nature_2025-11-10"}
2026-01-03|12|sharp_zhunzhun|USER_CHAT_PAID|2026-01-03 12:47:42||5yl7t9nvlnhf04lhm6gev17u_weibo_7942782267|ioa.wangda.zhunzhun||ios||||||{"flow_id":"","ev":"USER_CHAT_PAID","true_paid_amount":"26800","expert_id":"1310","valid_minute":"45","channel":"ba44a76d354f4b429984f78af9933167","vc_id":"1570377","vc_type":"0","valid_duration":"2700","user_id":"1478640","request_time":"2026-01-03 12:02:37","start_time":"2026-01-03 12:02:42","end_time":"2026-01-03 12:47:42","chat_price":"1200","pn":"ioa.wangda.zhunzhun","pv":"2.0.6","an":"zhunzhun","device_id":"5yl7t9nvlnhf04lhm6gev17u_weibo_7942782267","logtime":"2026-01-03 12:47:42","cgi":"sharp_zhunzhun","free_minute":"0","expert_income":"19422","activity_minute":0,"activity_income":"0","puid_v3":"2ea29e4e16c500a2fd5ba87d6a770fab","flow_trace_id":"nature_2025-11-10"}
2025-12-31|19|sharp_zhunzhun|USER_CHAT_PAID|2025-12-31 19:26:41||3jdxaa3j1icf8zgbm911u286_baidu_huanyu66|ioa.wangda.zhunzhun||ios||||||{"flow_id":"4627671","ev":"USER_CHAT_PAID","true_paid_amount":"11300","expert_id":"1766","valid_minute":"10","channel":"db571906e4e142eb9eb283baab53a3eb","vc_id":"1565215","vc_type":"0","valid_duration":"582","user_id":"1613954","request_time":"2025-12-31 19:16:55","start_time":"2025-12-31 19:16:59","end_time":"2025-12-31 19:26:41","chat_price":"1300","pn":"ioa.wangda.zhunzhun","pv":"2.0.6","an":"zhunzhun","device_id":"3jdxaa3j1icf8zgbm911u286_baidu_huanyu66","logtime":"2025-12-31 19:26:41","cgi":"sharp_zhunzhun","free_minute":"0","expert_income":"5063","activity_minute":0,"activity_income":"0","puid_v3":"2721961b866383c833e8a8334ee21099","flow_trace_id":"voice_4627671"}
2026-01-02|23|sharp_zhunzhun|USER_CHAT_PAID|2026-01-02 23:05:58||5yl7t9nvlnhf04lhm6gev17u_weibo_7942782267|ioa.wangda.zhunzhun||ios||||||{"flow_id":"","ev":"USER_CHAT_PAID","true_paid_amount":"8800","expert_id":"1310","valid_minute":"30","channel":"93fcb0f911b04f2e95788ccfae67cebd","vc_id":"1569576","vc_type":"0","valid_duration":"1800","user_id":"1478640","request_time":"2026-01-02 22:35:55","start_time":"2026-01-02 22:35:58","end_time":"2026-01-02 23:05:58","chat_price":"1200","pn":"ioa.wangda.zhunzhun","pv":"2.0.6","an":"zhunzhun","device_id":"5yl7t9nvlnhf04lhm6gev17u_weibo_7942782267","logtime":"2026-01-02 23:05:58","cgi":"sharp_zhunzhun","free_minute":"0","expert_income":"12222","activity_minute":0,"activity_income":"0","puid_v3":"2ea29e4e16c500a2fd5ba87d6a770fab","flow_trace_id":"nature_2025-11-10"}
2026-01-02|23|sharp_zhunzhun|USER_CHAT_PAID|2026-01-02 23:41:14||5yl7t9nvlnhf04lhm6gev17u_weibo_7942782267|ioa.wangda.zhunzhun||ios||||||{"flow_id":"","ev":"USER_CHAT_PAID","true_paid_amount":"0","expert_id":"1310","valid_minute":"35","channel":"fe08c58b576e4d869347208edad2e223","vc_id":"1569639","vc_type":"0","valid_duration":"2092","user_id":"1478640","request_time":"2026-01-02 23:06:19","start_time":"2026-01-02 23:06:22","end_time":"2026-01-02 23:41:14","chat_price":"1200","pn":"ioa.wangda.zhunzhun","pv":"2.0.6","an":"zhunzhun","device_id":"5yl7t9nvlnhf04lhm6gev17u_weibo_7942782267","logtime":"2026-01-02 23:41:14","cgi":"sharp_zhunzhun","free_minute":"15","expert_income":"7680","activity_minute":0,"activity_income":"0","puid_v3":"2ea29e4e16c500a2fd5ba87d6a770fab","flow_trace_id":"nature_2025-11-10"}
2026-01-04|8|sharp_zhunzhun|USER_CHAT_PAID|2026-01-04 08:49:54||1560e16f04e4fa03e83c9120e8acfcc4|ioa.wangda.zhunzhun||ios||||||{"flow_id":"4416064","ev":"USER_CHAT_PAID","true_paid_amount":"8800","expert_id":"994","valid_minute":"27","channel":"55958670ee904f1e91bf50c04a3b2020","vc_id":"1571946","vc_type":"0","valid_duration":"1620","user_id":"1535083","request_time":"2026-01-04 08:22:46","start_time":"2026-01-04 08:22:54","end_time":"2026-01-04 08:49:54","chat_price":"1200","pn":"ioa.wangda.zhunzhun","pv":"2.0.6","an":"zhunzhun","device_id":"1560e16f04e4fa03e83c9120e8acfcc4","logtime":"2026-01-04 08:49:54","cgi":"sharp_zhunzhun","free_minute":"5","expert_income":"9151","activity_minute":0,"activity_income":"0","puid_v3":"1560e16f04e4fa03e83c9120e8acfcc4","flow_trace_id":"voice_4416064"}
2026-01-03|18|sharp_zhunzhun|USER_CHAT_PAID|2026-01-03 18:54:41||2zdsl9cfp33qu3krm0vb1hw8_kuaishou_21848961|ioa.wangda.zhunzhun||ios||||||{"flow_id":"4666692","ev":"USER_CHAT_PAID","true_paid_amount":"8810","expert_id":"1821","valid_minute":"30","channel":"ddff60f569204bc5a6d3f66299bebf68","vc_id":"1570997","vc_type":"0","valid_duration":"1826","user_id":"1077984","request_time":"2026-01-03 18:24:06","start_time":"2026-01-03 18:24:14","end_time":"2026-01-03 18:54:41","chat_price":"800","pn":"ioa.wangda.zhunzhun","pv":"2.0.6","an":"zhunzhun","device_id":"2zdsl9cfp33qu3krm0vb1hw8_kuaishou_21848961","logtime":"2026-01-03 18:54:41","cgi":"sharp_zhunzhun","free_minute":"0","expert_income":"8384","activity_minute":0,"activity_income":"0","puid_v3":"a17ccad873bb57f7ca124049b39fea59","flow_trace_id":"voice_4666692"}
2026-01-03|0|sharp_zhunzhun|USER_CHAT_PAID|2026-01-03 00:18:44||qvy51eopygzf1kj5m3mjx8iv_kuaishou_33987712|com.wangda.zhunzhun||android||||||{"flow_id":"","ev":"USER_CHAT_PAID","true_paid_amount":"84000","expert_id":"1462","valid_minute":"93","channel":"9ca8b920c9034892806ca2b52437ed17","vc_id":"1569600","vc_type":"0","valid_duration":"5580","user_id":"1371933","request_time":"2026-01-02 22:45:42","start_time":"2026-01-02 22:45:44","end_time":"2026-01-03 00:18:45","chat_price":"1200","pn":"com.wangda.zhunzhun","pv":"2.3.9","an":"zhunzhun","device_id":"qvy51eopygzf1kj5m3mjx8iv_kuaishou_33987712","logtime":"2026-01-03 00:18:44","cgi":"sharp_zhunzhun","free_minute":"0","expert_income":"42430","activity_minute":0,"activity_income":"0","puid_v3":"803b54274d1b2427380fc1b9a8dc4dc7","flow_trace_id":"nature_2025-11-10"}
2026-01-01|17|sharp_zhunzhun|USER_CHAT_PAID|2026-01-01 17:04:15||qvy51eopygzf1kj5m3mjx8iv_kuaishou_33987712|com.wangda.zhunzhun||android||||||{"flow_id":"","ev":"USER_CHAT_PAID","true_paid_amount":"9300","expert_id":"1462","valid_minute":"31","channel":"3e2a2f4aa39c4aa3a0180ced58d5791a","vc_id":"1566898","vc_type":"0","valid_duration":"1860","user_id":"1371933","request_time":"2026-01-01 16:33:12","start_time":"2026-01-01 16:33:14","end_time":"2026-01-01 17:04:15","chat_price":"1200","pn":"com.wangda.zhunzhun","pv":"2.3.9","an":"zhunzhun","device_id":"qvy51eopygzf1kj5m3mjx8iv_kuaishou_33987712","logtime":"2026-01-01 17:04:15","cgi":"sharp_zhunzhun","free_minute":"0","expert_income":"12648","activity_minute":0,"activity_income":"0","puid_v3":"803b54274d1b2427380fc1b9a8dc4dc7","flow_trace_id":"nature_2025-11-10"}
2026-01-01|17|sharp_zhunzhun|USER_CHAT_PAID|2026-01-01 17:19:09||wyy3gxkq6ox1pbusm4sc0f8c_kuaishou_38401853|ioa.wangda.zhunzhun||ios||||||{"flow_id":"4959461","ev":"USER_CHAT_PAID","true_paid_amount":"17600","expert_id":"1927","valid_minute":"45","channel":"74c560f526dd419abf8bd4b0e7464b8b","vc_id":"1566904","vc_type":"0","valid_duration":"2700","user_id":"1407527","request_time":"2026-01-01 16:34:07","start_time":"2026-01-01 16:34:09","end_time":"2026-01-01 17:19:09","chat_price":"1000","pn":"ioa.wangda.zhunzhun","pv":"2.0.6","an":"zhunzhun","device_id":"wyy3gxkq6ox1pbusm4sc0f8c_kuaishou_38401853","logtime":"2026-01-01 17:19:09","cgi":"sharp_zhunzhun","free_minute":"10","expert_income":"12607","activity_minute":0,"activity_income":"0","puid_v3":"D2580CC0148EAC71FD87606B0143126E","flow_trace_id":"voice_4959461"}
2026-01-01|17|sharp_zhunzhun|USER_CHAT_PAID|2026-01-01 17:36:18||ls8x9rz70myjds0um1awqfmt_weibo_7776460205|com.wangda.zhunzhun||android||||||{"flow_id":"","ev":"USER_CHAT_PAID","true_paid_amount":"10000","expert_id":"2662","valid_minute":"27","channel":"41bd1b444be1485897a5e7562ed535b7","vc_id":"1566954","vc_type":"1","valid_duration":"1637","user_id":"624983","request_time":"2026-01-01 17:08:58","start_time":"2026-01-01 17:09:01","end_time":"2026-01-01 17:36:18","chat_price":"700","pn":"com.wangda.zhunzhun","pv":"2.3.9","an":"zhunzhun","device_id":"ls8x9rz70myjds0um1awqfmt_weibo_7776460205","logtime":"2026-01-01 17:36:18","cgi":"sharp_zhunzhun","free_minute":"0","expert_income":"6847","activity_minute":0,"activity_income":"0","puid_v3":"fef621c537310632afd392c2fba7842b","flow_trace_id":"00f3af3e-cf71-4658-9fa2-959e55d29c32"}
2026-01-01|17|sharp_zhunzhun|USER_CHAT_PAID|2026-01-01 17:49:09||ls8x9rz70myjds0um1awqfmt_weibo_7776460205|com.wangda.zhunzhun||android||||||{"flow_id":"","ev":"USER_CHAT_PAID","true_paid_amount":"8400","expert_id":"2662","valid_minute":"12","channel":"41bd1b444be1485897a5e7562ed535b7","vc_id":"1566999","vc_type":"1","valid_duration":"721","user_id":"624983","request_time":"2026-01-01 17:37:04","start_time":"2026-01-01 17:37:08","end_time":"2026-01-01 17:49:10","chat_price":"700","pn":"com.wangda.zhunzhun","pv":"2.3.9","an":"zhunzhun","device_id":"ls8x9rz70myjds0um1awqfmt_weibo_7776460205","logtime":"2026-01-01 17:49:09","cgi":"sharp_zhunzhun","free_minute":"0","expert_income":"3360","activity_minute":0,"activity_income":"0","puid_v3":"fef621c537310632afd392c2fba7842b","flow_trace_id":"00f3af3e-cf71-4658-9fa2-959e55d29c32"}
2026-01-04|11|sharp_zhunzhun|USER_CHAT_PAID|2026-01-04 11:56:35||414kxcxi0nhbckhpmbg6t09s_weibo_7942782267|com.wangda.zhunzhun||android||||||{"flow_id":"","ev":"USER_CHAT_PAID","true_paid_amount":"45000","expert_id":"1122","valid_minute":"32","channel":"d76d7f9f9e5840aea82244a902465d20","vc_id":"1572151","vc_type":"0","valid_duration":"1928","user_id":"1740080","request_time":"2026-01-04 11:24:10","start_time":"2026-01-04 11:24:27","end_time":"2026-01-04 11:56:35","chat_price":"1800","pn":"com.wangda.zhunzhun","pv":"2.3.9","an":"zhunzhun","device_id":"414kxcxi0nhbckhpmbg6t09s_weibo_7942782267","logtime":"2026-01-04 11:56:35","cgi":"sharp_zhunzhun","free_minute":"0","expert_income":"22030","activity_minute":0,"activity_income":"0","puid_v3":"177b7ded7147d6663fa97cd8e8ff2000","flow_trace_id":"nature_2025-11-10"}
2026-01-02|13|sharp_zhunzhun|USER_CHAT_PAID|2026-01-02 13:07:18||5yl7t9nvlnhf04lhm6gev17u_weibo_7942782267|ioa.wangda.zhunzhun||ios||||||{"flow_id":"","ev":"USER_CHAT_PAID","true_paid_amount":"0","expert_id":"1310","valid_minute":"55","channel":"1de77d4b0ca340568af228b6bba70627","vc_id":"1568517","vc_type":"0","valid_duration":"3300","user_id":"1478640","request_time":"2026-01-02 12:12:02","start_time":"2026-01-02 12:12:18","end_time":"2026-01-02 13:07:19","chat_price":"1200","pn":"ioa.wangda.zhunzhun","pv":"2.0.6","an":"zhunzhun","device_id":"5yl7t9nvlnhf04lhm6gev17u_weibo_7942782267","logtime":"2026-01-02 13:07:18","cgi":"sharp_zhunzhun","free_minute":"32","expert_income":"8832","activity_minute":0,"activity_income":"0","puid_v3":"2ea29e4e16c500a2fd5ba87d6a770fab","flow_trace_id":"nature_2025-11-10"}
2026-01-02|13|sharp_zhunzhun|USER_CHAT_PAID|2026-01-02 13:24:57||qvy51eopygzf1kj5m3mjx8iv_kuaishou_33987712|com.wangda.zhunzhun||android||||||{"flow_id":"","ev":"USER_CHAT_PAID","true_paid_amount":"40000","expert_id":"1462","valid_minute":"56","channel":"237a7b4f46094f7dabbe8fdcfeb291d1","vc_id":"1568545","vc_type":"0","valid_duration":"3360","user_id":"1371933","request_time":"2026-01-02 12:28:51","start_time":"2026-01-02 12:28:57","end_time":"2026-01-02 13:24:57","chat_price":"1200","pn":"com.wangda.zhunzhun","pv":"2.3.9","an":"zhunzhun","device_id":"qvy51eopygzf1kj5m3mjx8iv_kuaishou_33987712","logtime":"2026-01-02 13:24:57","cgi":"sharp_zhunzhun","free_minute":"0","expert_income":"24702","activity_minute":0,"activity_income":"0","puid_v3":"803b54274d1b2427380fc1b9a8dc4dc7","flow_trace_id":"nature_2025-11-10"}
2026-01-02|13|sharp_zhunzhun|USER_CHAT_PAID|2026-01-02 13:26:31||06559804CE34BDDAEB719757418B2833|ioa.wangda.zhunzhun||ios||||||{"flow_id":"","ev":"USER_CHAT_PAID","true_paid_amount":"8800","expert_id":"1724","valid_minute":"8","channel":"e6cb65f5a35a47a197706b022dbc1620","vc_id":"1568629","vc_type":"0","valid_duration":"454","user_id":"1824550","request_time":"2026-01-02 13:18:53","start_time":"2026-01-02 13:18:57","end_time":"2026-01-02 13:26:31","chat_price":"1400","pn":"ioa.wangda.zhunzhun","pv":"2.0.6","an":"zhunzhun","device_id":"06559804CE34BDDAEB719757418B2833","logtime":"2026-01-02 13:26:31","cgi":"sharp_zhunzhun","free_minute":"0","expert_income":"4287","activity_minute":0,"activity_income":"0","puid_v3":"06559804CE34BDDAEB719757418B2833","flow_trace_id":"nature_2025-11-10"}
2026-01-02|13|sharp_zhunzhun|USER_CHAT_PAID|2026-01-02 13:54:13||5yl7t9nvlnhf04lhm6gev17u_weibo_7942782267|ioa.wangda.zhunzhun||ios||||||{"flow_id":"","ev":"USER_CHAT_PAID","true_paid_amount":"23200","expert_id":"1310","valid_minute":"42","channel":"50c1d40900794b439678bbae7a114c6f","vc_id":"1568619","vc_type":"0","valid_duration":"2520","user_id":"1478640","request_time":"2026-01-02 13:12:10","start_time":"2026-01-02 13:12:13","end_time":"2026-01-02 13:54:13","chat_price":"1200","pn":"ioa.wangda.zhunzhun","pv":"2.0.6","an":"zhunzhun","device_id":"5yl7t9nvlnhf04lhm6gev17u_weibo_7942782267","logtime":"2026-01-02 13:54:13","cgi":"sharp_zhunzhun","free_minute":"0","expert_income":"17982","activity_minute":0,"activity_income":"0","puid_v3":"2ea29e4e16c500a2fd5ba87d6a770fab","flow_trace_id":"nature_2025-11-10"}
2026-01-01|18|sharp_zhunzhun|USER_CHAT_PAID|2026-01-01 18:06:43||3jdxaa3j1icf8zgbm911u286_baidu_huanyu66|ioa.wangda.zhunzhun||ios||||||{"flow_id":"4627671","ev":"USER_CHAT_PAID","true_paid_amount":"17600","expert_id":"1766","valid_minute":"15","channel":"0b87b71cfb3c47d0aef6ec6299a4be02","vc_id":"1567021","vc_type":"0","valid_duration":"900","user_id":"1613954","request_time":"2026-01-01 17:51:36","start_time":"2026-01-01 17:51:43","end_time":"2026-01-01 18:06:44","chat_price":"1300","pn":"ioa.wangda.zhunzhun","pv":"2.0.6","an":"zhunzhun","device_id":"3jdxaa3j1icf8zgbm911u286_baidu_huanyu66","logtime":"2026-01-01 18:06:43","cgi":"sharp_zhunzhun","free_minute":"0","expert_income":"7647","activity_minute":0,"activity_income":"0","puid_v3":"2721961b866383c833e8a8334ee21099","flow_trace_id":"voice_4627671"}
2026-01-02|19|sharp_zhunzhun|USER_CHAT_PAID|2026-01-02 19:38:02||wyy3gxkq6ox1pbusm4sc0f8c_kuaishou_38401853|ioa.wangda.zhunzhun||ios||||||{"flow_id":"4959461","ev":"USER_CHAT_PAID","true_paid_amount":"8800","expert_id":"1927","valid_minute":"26","channel":"e29cf34244a74dc9a0be0437911cd3cf","vc_id":"1569177","vc_type":"0","valid_duration":"1560","user_id":"1407527","request_time":"2026-01-02 19:11:54","start_time":"2026-01-02 19:12:02","end_time":"2026-01-02 19:38:03","chat_price":"1000","pn":"ioa.wangda.zhunzhun","pv":"2.0.6","an":"zhunzhun","device_id":"wyy3gxkq6ox1pbusm4sc0f8c_kuaishou_38401853","logtime":"2026-01-02 19:38:02","cgi":"sharp_zhunzhun","free_minute":"0","expert_income":"9023","activity_minute":0,"activity_income":"0","puid_v3":"D2580CC0148EAC71FD87606B0143126E","flow_trace_id":"voice_4959461"}
2025-12-31|23|sharp_zhunzhun|USER_CHAT_PAID|2025-12-31 23:09:03||zusrwmmnsfuxskoimgddernx_baidu_72813998|com.wangda.zhunzhun||android||||||{"flow_id":"","ev":"USER_CHAT_PAID","true_paid_amount":"60000","expert_id":"2476","valid_minute":"74","channel":"b4f1e5b9bca24bddad3a68bf453d248c","vc_id":"1565518","vc_type":"0","valid_duration":"4414","user_id":"2059427","request_time":"2025-12-31 21:55:28","start_time":"2025-12-31 21:55:29","end_time":"2025-12-31 23:09:03","chat_price":"1000","pn":"com.wangda.zhunzhun","pv":"2.3.6","an":"zhunzhun","device_id":"zusrwmmnsfuxskoimgddernx_baidu_72813998","logtime":"2025-12-31 23:09:03","cgi":"sharp_zhunzhun","free_minute":"5","expert_income":"26879","activity_minute":0,"activity_income":"0","puid_v3":"dc69f8f093b90795c6b1a849aca8fe20","flow_trace_id":"a10f6327-8ba7-4f7d-aaea-8ba14c63410a"}
2026-01-03|21|sharp_zhunzhun|USER_CHAT_PAID|2026-01-03 21:01:14||5yl7t9nvlnhf04lhm6gev17u_weibo_7942782267|ioa.wangda.zhunzhun||ios||||||{"flow_id":"","ev":"USER_CHAT_PAID","true_paid_amount":"0","expert_id":"1310","valid_minute":"33","channel":"00e9e97d06144cf69f4c5a064312ec75","vc_id":"1571215","vc_type":"0","valid_duration":"1980","user_id":"1478640","request_time":"2026-01-03 20:28:05","start_time":"2026-01-03 20:28:13","end_time":"2026-01-03 21:01:14","chat_price":"1200","pn":"ioa.wangda.zhunzhun","pv":"2.0.6","an":"zhunzhun","device_id":"5yl7t9nvlnhf04lhm6gev17u_weibo_7942782267","logtime":"2026-01-03 21:01:14","cgi":"sharp_zhunzhun","free_minute":"10","expert_income":"8832","activity_minute":0,"activity_income":"0","puid_v3":"2ea29e4e16c500a2fd5ba87d6a770fab","flow_trace_id":"nature_2025-11-10"}
2026-01-03|21|sharp_zhunzhun|USER_CHAT_PAID|2026-01-03 21:54:45||5yl7t9nvlnhf04lhm6gev17u_weibo_7942782267|ioa.wangda.zhunzhun||ios||||||{"flow_id":"","ev":"USER_CHAT_PAID","true_paid_amount":"35600","expert_id":"1310","valid_minute":"53","channel":"d8bcba02ac844cdcb6f7f71b0c1a768d","vc_id":"1571297","vc_type":"0","valid_duration":"3180","user_id":"1478640","request_time":"2026-01-03 21:01:41","start_time":"2026-01-03 21:01:45","end_time":"2026-01-03 21:54:45","chat_price":"1200","pn":"ioa.wangda.zhunzhun","pv":"2.0.6","an":"zhunzhun","device_id":"5yl7t9nvlnhf04lhm6gev17u_weibo_7942782267","logtime":"2026-01-03 21:54:45","cgi":"sharp_zhunzhun","free_minute":"0","expert_income":"23198","activity_minute":0,"activity_income":"0","puid_v3":"2ea29e4e16c500a2fd5ba87d6a770fab","flow_trace_id":"nature_2025-11-10"}
2026-01-03|21|sharp_zhunzhun|USER_CHAT_PAID|2026-01-03 21:55:50||ls8x9rz70myjds0um1awqfmt_weibo_7776460205|com.wangda.zhunzhun||android||||||{"flow_id":"4638100","ev":"USER_CHAT_PAID","true_paid_amount":"64000","expert_id":"823","valid_minute":"71","channel":"ccfcfcb820e846f6bc03b66904c64718","vc_id":"1571260","vc_type":"0","valid_duration":"4282","user_id":"624983","request_time":"2026-01-03 20:44:24","start_time":"2026-01-03 20:44:28","end_time":"2026-01-03 21:55:50","chat_price":"1100","pn":"com.wangda.zhunzhun","pv":"2.3.9","an":"zhunzhun","device_id":"ls8x9rz70myjds0um1awqfmt_weibo_7776460205","logtime":"2026-01-03 21:55:50","cgi":"sharp_zhunzhun","free_minute":"0","expert_income":"30109","activity_minute":0,"activity_income":"0","puid_v3":"fef621c537310632afd392c2fba7842b","flow_trace_id":"voice_4638100"}
2026-01-01|1|sharp_zhunzhun|USER_CHAT_PAID|2026-01-01 01:30:24||5yl7t9nvlnhf04lhm6gev17u_weibo_7942782267|ioa.wangda.zhunzhun||ios||||||{"flow_id":"","ev":"USER_CHAT_PAID","true_paid_amount":"8800","expert_id":"2164","valid_minute":"67","channel":"608976017b654e3b9de79ad5e6e9a28b","vc_id":"1565837","vc_type":"0","valid_duration":"4020","user_id":"1478640","request_time":"2026-01-01 00:23:18","start_time":"2026-01-01 00:23:24","end_time":"2026-01-01 01:30:24","chat_price":"700","pn":"ioa.wangda.zhunzhun","pv":"2.0.6","an":"zhunzhun","device_id":"5yl7t9nvlnhf04lhm6gev17u_weibo_7942782267","logtime":"2026-01-01 01:30:24","cgi":"sharp_zhunzhun","free_minute":"15","expert_income":"12351","activity_minute":0,"activity_income":"0","puid_v3":"2ea29e4e16c500a2fd5ba87d6a770fab","flow_trace_id":"nature_2025-12-06"}
2026-01-02|0|sharp_zhunzhun|USER_CHAT_PAID|2026-01-02 00:52:46||5yl7t9nvlnhf04lhm6gev17u_weibo_7942782267|ioa.wangda.zhunzhun||ios||||||{"flow_id":"5988862","ev":"USER_CHAT_PAID","true_paid_amount":"8800","expert_id":"2712","valid_minute":"61","channel":"3d380270f3e94807bbeec36d64643a62","vc_id":"1567792","vc_type":"0","valid_duration":"3660","user_id":"1478640","request_time":"2026-01-01 23:51:43","start_time":"2026-01-01 23:51:46","end_time":"2026-01-02 00:52:46","chat_price":"600","pn":"ioa.wangda.zhunzhun","pv":"2.0.6","an":"zhunzhun","device_id":"5yl7t9nvlnhf04lhm6gev17u_weibo_7942782267","logtime":"2026-01-02 00:52:46","cgi":"sharp_zhunzhun","free_minute":"0","expert_income":"12414","activity_minute":0,"activity_income":"0","puid_v3":"2ea29e4e16c500a2fd5ba87d6a770fab","flow_trace_id":"2D7ED0EC-516F-4E83-AF1E-2CE9637E75C2"}
2025-12-31|16|sharp_zhunzhun|USER_CHAT_PAID|2025-12-31 16:21:59||3jdxaa3j1icf8zgbm911u286_baidu_huanyu66|ioa.wangda.zhunzhun||ios||||||{"flow_id":"4627671","ev":"USER_CHAT_PAID","true_paid_amount":"6510","expert_id":"1766","valid_minute":"11","channel":"84ae810a4e6f4750846b2ab3492f8749","vc_id":"1564914","vc_type":"0","valid_duration":"664","user_id":"1613954","request_time":"2025-12-31 16:10:39","start_time":"2025-12-31 16:10:54","end_time":"2025-12-31 16:21:59","chat_price":"1300","pn":"ioa.wangda.zhunzhun","pv":"2.0.6","an":"zhunzhun","device_id":"3jdxaa3j1icf8zgbm911u286_baidu_huanyu66","logtime":"2025-12-31 16:21:59","cgi":"sharp_zhunzhun","free_minute":"0","expert_income":"2776","activity_minute":0,"activity_income":"0","puid_v3":"2721961b866383c833e8a8334ee21099","flow_trace_id":"voice_4627671"}
2025-12-31|16|sharp_zhunzhun|USER_CHAT_PAID|2025-12-31 16:24:20||5yl7t9nvlnhf04lhm6gev17u_weibo_7942782267|ioa.wangda.zhunzhun||ios||||||{"flow_id":"","ev":"USER_CHAT_PAID","true_paid_amount":"0","expert_id":"1310","valid_minute":"38","channel":"2b71efebbbd440258d4faf65768f2ed9","vc_id":"1564864","vc_type":"0","valid_duration":"2280","user_id":"1478640","request_time":"2025-12-31 15:46:17","start_time":"2025-12-31 15:46:20","end_time":"2025-12-31 16:24:20","chat_price":"1200","pn":"ioa.wangda.zhunzhun","pv":"2.0.6","an":"zhunzhun","device_id":"5yl7t9nvlnhf04lhm6gev17u_weibo_7942782267","logtime":"2025-12-31 16:24:20","cgi":"sharp_zhunzhun","free_minute":"15","expert_income":"8832","activity_minute":0,"activity_income":"0","puid_v3":"2ea29e4e16c500a2fd5ba87d6a770fab","flow_trace_id":"nature_2025-11-10"}
2026-01-01|14|sharp_zhunzhun|USER_CHAT_PAID|2026-01-01 14:00:40||6EBA5B514B638DE27C0C768DA0868B60|ioa.wangda.zhunzhun||ios||||||{"flow_id":"5577973","ev":"USER_CHAT_PAID","true_paid_amount":"20410","expert_id":"1749","valid_minute":"27","channel":"8dcbed585f4445e6b47bbd795def83ec","vc_id":"1566597","vc_type":"0","valid_duration":"1633","user_id":"2021140","request_time":"2026-01-01 13:33:25","start_time":"2026-01-01 13:33:27","end_time":"2026-01-01 14:00:40","chat_price":"1200","pn":"ioa.wangda.zhunzhun","pv":"2.0.6","an":"zhunzhun","device_id":"6EBA5B514B638DE27C0C768DA0868B60","logtime":"2026-01-01 14:00:40","cgi":"sharp_zhunzhun","free_minute":"0","expert_income":"11999","activity_minute":0,"activity_income":"0","puid_v3":"6EBA5B514B638DE27C0C768DA0868B60","flow_trace_id":"voice_5577973"}
2026-01-01|14|sharp_zhunzhun|USER_CHAT_PAID|2026-01-01 14:01:32||1560e16f04e4fa03e83c9120e8acfcc4|ioa.wangda.zhunzhun||ios||||||{"flow_id":"4416064","ev":"USER_CHAT_PAID","true_paid_amount":"18100","expert_id":"994","valid_minute":"44","channel":"0038a0d7b7c34b34ae86ab95197854a4","vc_id":"1566564","vc_type":"0","valid_duration":"2640","user_id":"1535083","request_time":"2026-01-01 13:17:20","start_time":"2026-01-01 13:17:32","end_time":"2026-01-01 14:01:33","chat_price":"1200","pn":"ioa.wangda.zhunzhun","pv":"2.0.6","an":"zhunzhun","device_id":"1560e16f04e4fa03e83c9120e8acfcc4","logtime":"2026-01-01 14:01:32","cgi":"sharp_zhunzhun","free_minute":"5","expert_income":"11527","activity_minute":0,"activity_income":"0","puid_v3":"1560e16f04e4fa03e83c9120e8acfcc4","flow_trace_id":"voice_4416064"}
2026-01-02|10|sharp_zhunzhun|USER_CHAT_PAID|2026-01-02 10:35:11||5yl7t9nvlnhf04lhm6gev17u_weibo_7942782267|ioa.wangda.zhunzhun||ios||||||{"flow_id":"5988862","ev":"USER_CHAT_PAID","true_paid_amount":"5000","expert_id":"2712","valid_minute":"15","channel":"8c376d2b8b934ffab03f035b9e06da7e","vc_id":"1568353","vc_type":"0","valid_duration":"885","user_id":"1478640","request_time":"2026-01-02 10:20:21","start_time":"2026-01-02 10:20:25","end_time":"2026-01-02 10:35:11","chat_price":"600","pn":"ioa.wangda.zhunzhun","pv":"2.0.6","an":"zhunzhun","device_id":"5yl7t9nvlnhf04lhm6gev17u_weibo_7942782267","logtime":"2026-01-02 10:35:11","cgi":"sharp_zhunzhun","free_minute":"0","expert_income":"3279","activity_minute":0,"activity_income":"0","puid_v3":"2ea29e4e16c500a2fd5ba87d6a770fab","flow_trace_id":"2D7ED0EC-516F-4E83-AF1E-2CE9637E75C2"}
2026-01-02|10|sharp_zhunzhun|USER_CHAT_PAID|2026-01-02 10:51:58||6EBA5B514B638DE27C0C768DA0868B60|ioa.wangda.zhunzhun||ios||||||{"flow_id":"5577973","ev":"USER_CHAT_PAID","true_paid_amount":"26800","expert_id":"1749","valid_minute":"37","channel":"4cd6332204c6413ba28eabca8b2a6b70","vc_id":"1568346","vc_type":"0","valid_duration":"2220","user_id":"2021140","request_time":"2026-01-02 10:14:51","start_time":"2026-01-02 10:14:58","end_time":"2026-01-02 10:51:59","chat_price":"1200","pn":"ioa.wangda.zhunzhun","pv":"2.0.6","an":"zhunzhun","device_id":"6EBA5B514B638DE27C0C768DA0868B60","logtime":"2026-01-02 10:51:58","cgi":"sharp_zhunzhun","free_minute":"0","expert_income":"16351","activity_minute":0,"activity_income":"0","puid_v3":"6EBA5B514B638DE27C0C768DA0868B60","flow_trace_id":"voice_5577973"}
2026-01-01|3|sharp_zhunzhun|USER_CHAT_PAID|2026-01-01 03:15:33||5yl7t9nvlnhf04lhm6gev17u_weibo_7942782267|ioa.wangda.zhunzhun||ios||||||{"flow_id":"","ev":"USER_CHAT_PAID","true_paid_amount":"8800","expert_id":"2164","valid_minute":"52","channel":"9892937f522d4a998a333fae8e59c0f0","vc_id":"1565996","vc_type":"0","valid_duration":"3120","user_id":"1478640","request_time":"2026-01-01 02:23:28","start_time":"2026-01-01 02:23:33","end_time":"2026-01-01 03:15:33","chat_price":"700","pn":"ioa.wangda.zhunzhun","pv":"2.0.6","an":"zhunzhun","device_id":"5yl7t9nvlnhf04lhm6gev17u_weibo_7942782267","logtime":"2026-01-01 03:15:33","cgi":"sharp_zhunzhun","free_minute":"0","expert_income":"12351","activity_minute":0,"activity_income":"0","puid_v3":"2ea29e4e16c500a2fd5ba87d6a770fab","flow_trace_id":"nature_2025-12-06"}
2026-01-01|3|sharp_zhunzhun|USER_CHAT_PAID|2026-01-01 03:56:33||5yl7t9nvlnhf04lhm6gev17u_weibo_7942782267|ioa.wangda.zhunzhun||ios||||||{"flow_id":"","ev":"USER_CHAT_PAID","true_paid_amount":"5000","expert_id":"2164","valid_minute":"40","channel":"911fb4d9baad4ba8bdbd625b86a279ef","vc_id":"1566039","vc_type":"0","valid_duration":"2419","user_id":"1478640","request_time":"2026-01-01 03:16:12","start_time":"2026-01-01 03:16:14","end_time":"2026-01-01 03:56:34","chat_price":"700","pn":"ioa.wangda.zhunzhun","pv":"2.0.6","an":"zhunzhun","device_id":"5yl7t9nvlnhf04lhm6gev17u_weibo_7942782267","logtime":"2026-01-01 03:56:33","cgi":"sharp_zhunzhun","free_minute":"0","expert_income":"9359","activity_minute":0,"activity_income":"0","puid_v3":"2ea29e4e16c500a2fd5ba87d6a770fab","flow_trace_id":"nature_2025-12-06"}
2026-01-03|13|sharp_zhunzhun|USER_CHAT_PAID|2026-01-03 13:43:23||5yl7t9nvlnhf04lhm6gev17u_weibo_7942782267|ioa.wangda.zhunzhun||ios||||||{"flow_id":"","ev":"USER_CHAT_PAID","true_paid_amount":"26800","expert_id":"1310","valid_minute":"55","channel":"32467d9b87a14983bc9d93467286396a","vc_id":"1570449","vc_type":"0","valid_duration":"3300","user_id":"1478640","request_time":"2026-01-03 12:48:20","start_time":"2026-01-03 12:48:23","end_time":"2026-01-03 13:43:23","chat_price":"1200","pn":"ioa.wangda.zhunzhun","pv":"2.0.6","an":"zhunzhun","device_id":"5yl7t9nvlnhf04lhm6gev17u_weibo_7942782267","logtime":"2026-01-03 13:43:23","cgi":"sharp_zhunzhun","free_minute":"10","expert_income":"19422","activity_minute":0,"activity_income":"0","puid_v3":"2ea29e4e16c500a2fd5ba87d6a770fab","flow_trace_id":"nature_2025-11-10"}
2026-01-03|13|sharp_zhunzhun|USER_CHAT_PAID|2026-01-03 13:51:14||qvy51eopygzf1kj5m3mjx8iv_kuaishou_33987712|com.wangda.zhunzhun||android||||||{"flow_id":"","ev":"USER_CHAT_PAID","true_paid_amount":"10000","expert_id":"1462","valid_minute":"31","channel":"f495a53d715f4309ac4298d1dc5b4ed1","vc_id":"1570492","vc_type":"0","valid_duration":"1860","user_id":"1371933","request_time":"2026-01-03 13:20:12","start_time":"2026-01-03 13:20:14","end_time":"2026-01-03 13:51:14","chat_price":"1200","pn":"com.wangda.zhunzhun","pv":"2.3.9","an":"zhunzhun","device_id":"qvy51eopygzf1kj5m3mjx8iv_kuaishou_33987712","logtime":"2026-01-03 13:51:14","cgi":"sharp_zhunzhun","free_minute":"0","expert_income":"12703","activity_minute":0,"activity_income":"0","puid_v3":"803b54274d1b2427380fc1b9a8dc4dc7","flow_trace_id":"nature_2025-11-10"}
2026-01-02|21|sharp_zhunzhun|USER_CHAT_PAID|2026-01-02 21:25:58||5yl7t9nvlnhf04lhm6gev17u_weibo_7942782267|ioa.wangda.zhunzhun||ios||||||{"flow_id":"","ev":"USER_CHAT_PAID","true_paid_amount":"53200","expert_id":"1310","valid_minute":"67","channel":"0975de3aba1948a0939fcac661af0262","vc_id":"1569297","vc_type":"0","valid_duration":"4020","user_id":"1478640","request_time":"2026-01-02 20:18:54","start_time":"2026-01-02 20:18:57","end_time":"2026-01-02 21:25:58","chat_price":"1200","pn":"ioa.wangda.zhunzhun","pv":"2.0.6","an":"zhunzhun","device_id":"5yl7t9nvlnhf04lhm6gev17u_weibo_7942782267","logtime":"2026-01-02 21:25:58","cgi":"sharp_zhunzhun","free_minute":"0","expert_income":"29982","activity_minute":0,"activity_income":"0","puid_v3":"2ea29e4e16c500a2fd5ba87d6a770fab","flow_trace_id":"nature_2025-11-10"}
2026-01-02|21|sharp_zhunzhun|USER_CHAT_PAID|2026-01-02 21:32:47||6EBA5B514B638DE27C0C768DA0868B60|ioa.wangda.zhunzhun||ios||||||{"flow_id":"5577973","ev":"USER_CHAT_PAID","true_paid_amount":"16000","expert_id":"1749","valid_minute":"28","channel":"a54a476f2e39494ab694fad2028bdd25","vc_id":"1569377","vc_type":"0","valid_duration":"1680","user_id":"2021140","request_time":"2026-01-02 21:04:44","start_time":"2026-01-02 21:04:47","end_time":"2026-01-02 21:32:47","chat_price":"1200","pn":"ioa.wangda.zhunzhun","pv":"2.0.6","an":"zhunzhun","device_id":"6EBA5B514B638DE27C0C768DA0868B60","logtime":"2026-01-02 21:32:47","cgi":"sharp_zhunzhun","free_minute":"0","expert_income":"12031","activity_minute":0,"activity_income":"0","puid_v3":"6EBA5B514B638DE27C0C768DA0868B60","flow_trace_id":"voice_5577973"}
2026-01-02|21|sharp_zhunzhun|USER_CHAT_PAID|2026-01-02 21:52:13||qvy51eopygzf1kj5m3mjx8iv_kuaishou_33987712|com.wangda.zhunzhun||android||||||{"flow_id":"","ev":"USER_CHAT_PAID","true_paid_amount":"18000","expert_id":"1462","valid_minute":"38","channel":"4b724813712a425780ded23e0dff04f3","vc_id":"1569397","vc_type":"0","valid_duration":"2280","user_id":"1371933","request_time":"2026-01-02 21:14:06","start_time":"2026-01-02 21:14:12","end_time":"2026-01-02 21:52:13","chat_price":"1200","pn":"com.wangda.zhunzhun","pv":"2.3.9","an":"zhunzhun","device_id":"qvy51eopygzf1kj5m3mjx8iv_kuaishou_33987712","logtime":"2026-01-02 21:52:13","cgi":"sharp_zhunzhun","free_minute":"0","expert_income":"16031","activity_minute":0,"activity_income":"0","puid_v3":"803b54274d1b2427380fc1b9a8dc4dc7","flow_trace_id":"nature_2025-11-10"}
2026-01-01|23|sharp_zhunzhun|USER_CHAT_PAID|2026-01-01 23:34:20||qvy51eopygzf1kj5m3mjx8iv_kuaishou_33987712|com.wangda.zhunzhun||android||||||{"flow_id":"","ev":"USER_CHAT_PAID","true_paid_amount":"45000","expert_id":"1462","valid_minute":"60","channel":"153386d98df24a44a01a7a9652db9f37","vc_id":"1567598","vc_type":"0","valid_duration":"3600","user_id":"1371933","request_time":"2026-01-01 22:34:15","start_time":"2026-01-01 22:34:20","end_time":"2026-01-01 23:34:20","chat_price":"1200","pn":"com.wangda.zhunzhun","pv":"2.3.9","an":"zhunzhun","device_id":"qvy51eopygzf1kj5m3mjx8iv_kuaishou_33987712","logtime":"2026-01-01 23:34:20","cgi":"sharp_zhunzhun","free_minute":"0","expert_income":"26640","activity_minute":0,"activity_income":"0","puid_v3":"803b54274d1b2427380fc1b9a8dc4dc7","flow_trace_id":"nature_2025-11-10"}
2026-01-01|23|sharp_zhunzhun|USER_CHAT_PAID|2026-01-01 23:51:10||5yl7t9nvlnhf04lhm6gev17u_weibo_7942782267|ioa.wangda.zhunzhun||ios||||||{"flow_id":"5988862","ev":"USER_CHAT_PAID","true_paid_amount":"8700","expert_id":"2712","valid_minute":"61","channel":"87bdc02bbf374aeab8ccc7037bcbb302","vc_id":"1567634","vc_type":"0","valid_duration":"3660","user_id":"1478640","request_time":"2026-01-01 22:50:07","start_time":"2026-01-01 22:50:10","end_time":"2026-01-01 23:51:11","chat_price":"600","pn":"ioa.wangda.zhunzhun","pv":"2.0.6","an":"zhunzhun","device_id":"5yl7t9nvlnhf04lhm6gev17u_weibo_7942782267","logtime":"2026-01-01 23:51:10","cgi":"sharp_zhunzhun","free_minute":"0","expert_income":"12407","activity_minute":0,"activity_income":"0","puid_v3":"2ea29e4e16c500a2fd5ba87d6a770fab","flow_trace_id":"2D7ED0EC-516F-4E83-AF1E-2CE9637E75C2"}
2026-01-02|2|sharp_zhunzhun|USER_CHAT_PAID|2026-01-02 02:35:40||zusrwmmnsfuxskoimgddernx_baidu_72813998|com.wangda.zhunzhun||android||||||{"flow_id":"","ev":"USER_CHAT_PAID","true_paid_amount":"60000","expert_id":"2476","valid_minute":"70","channel":"4054f2c72f4f458e85de971e98152f39","vc_id":"1568012","vc_type":"0","valid_duration":"4196","user_id":"2059427","request_time":"2026-01-02 01:25:41","start_time":"2026-01-02 01:25:43","end_time":"2026-01-02 02:35:40","chat_price":"1000","pn":"com.wangda.zhunzhun","pv":"2.3.6","an":"zhunzhun","device_id":"zusrwmmnsfuxskoimgddernx_baidu_72813998","logtime":"2026-01-02 02:35:40","cgi":"sharp_zhunzhun","free_minute":"0","expert_income":"27199","activity_minute":0,"activity_income":"0","puid_v3":"dc69f8f093b90795c6b1a849aca8fe20","flow_trace_id":"a10f6327-8ba7-4f7d-aaea-8ba14c63410a"}
2026-01-03|15|sharp_zhunzhun|USER_CHAT_PAID|2026-01-03 15:38:37||b84de9f6c8b35c3419762a5213381953|com.wangda.zhunzhun||android||||||{"flow_id":"5168918","ev":"USER_CHAT_PAID","true_paid_amount":"43400","expert_id":"683","valid_minute":"46","channel":"1a0ecd481b8643b7acad6ca20b449c88","vc_id":"1570642","vc_type":"0","valid_duration":"2776","user_id":"380984","request_time":"2026-01-03 14:52:19","start_time":"2026-01-03 14:52:21","end_time":"2026-01-03 15:38:38","chat_price":"1200","pn":"com.wangda.zhunzhun","pv":"2.3.9","an":"zhunzhun","device_id":"b84de9f6c8b35c3419762a5213381953","logtime":"2026-01-03 15:38:37","cgi":"sharp_zhunzhun","free_minute":"0","expert_income":"21134","activity_minute":0,"activity_income":"0","puid_v3":"643eb43598334ef15a38ef988af8c2e7","flow_trace_id":"voice_5168918"}
2026-01-01|20|sharp_zhunzhun|USER_CHAT_PAID|2026-01-01 20:43:01||ls8x9rz70myjds0um1awqfmt_weibo_7776460205|com.wangda.zhunzhun||android||||||{"flow_id":"4638100","ev":"USER_CHAT_PAID","true_paid_amount":"15600","expert_id":"823","valid_minute":"24","channel":"42b87c09cb52463b876686bfd44456be","vc_id":"1567286","vc_type":"0","valid_duration":"1425","user_id":"624983","request_time":"2026-01-01 20:19:11","start_time":"2026-01-01 20:19:15","end_time":"2026-01-01 20:43:01","chat_price":"1100","pn":"com.wangda.zhunzhun","pv":"2.3.9","an":"zhunzhun","device_id":"ls8x9rz70myjds0um1awqfmt_weibo_7776460205","logtime":"2026-01-01 20:43:01","cgi":"sharp_zhunzhun","free_minute":"0","expert_income":"9695","activity_minute":0,"activity_income":"0","puid_v3":"fef621c537310632afd392c2fba7842b","flow_trace_id":"voice_4638100"}
2025-12-31|22|sharp_zhunzhun|USER_CHAT_PAID|2025-12-31 22:03:16||ls8x9rz70myjds0um1awqfmt_weibo_7776460205|com.wangda.zhunzhun||android||||||{"flow_id":"4638100","ev":"USER_CHAT_PAID","true_paid_amount":"24693","expert_id":"823","valid_minute":"32","channel":"54d6d342842f4cc4bb15096af1ed0e78","vc_id":"1565476","vc_type":"0","valid_duration":"1893","user_id":"624983","request_time":"2025-12-31 21:31:15","start_time":"2025-12-31 21:31:43","end_time":"2025-12-31 22:03:16","chat_price":"1100","pn":"com.wangda.zhunzhun","pv":"2.3.9","an":"zhunzhun","device_id":"ls8x9rz70myjds0um1awqfmt_weibo_7776460205","logtime":"2025-12-31 22:03:16","cgi":"sharp_zhunzhun","free_minute":"0","expert_income":"13239","activity_minute":0,"activity_income":"0","puid_v3":"fef621c537310632afd392c2fba7842b","flow_trace_id":"voice_4638100"}
2025-12-31|22|sharp_zhunzhun|USER_CHAT_PAID|2025-12-31 22:13:58||b84de9f6c8b35c3419762a5213381953|com.wangda.zhunzhun||android||||||{"flow_id":"5168918","ev":"USER_CHAT_PAID","true_paid_amount":"49380","expert_id":"683","valid_minute":"49","channel":"222cff7eac5c45da8a2a7cc76c1a9761","vc_id":"1565467","vc_type":"0","valid_duration":"2962","user_id":"380984","request_time":"2025-12-31 21:24:27","start_time":"2025-12-31 21:24:36","end_time":"2025-12-31 22:13:58","chat_price":"1200","pn":"com.wangda.zhunzhun","pv":"2.3.9","an":"zhunzhun","device_id":"b84de9f6c8b35c3419762a5213381953","logtime":"2025-12-31 22:13:58","cgi":"sharp_zhunzhun","free_minute":"0","expert_income":"22765","activity_minute":0,"activity_income":"0","puid_v3":"643eb43598334ef15a38ef988af8c2e7","flow_trace_id":"voice_5168918"}
2025-12-31|22|sharp_zhunzhun|USER_CHAT_PAID|2025-12-31 22:26:51||5yl7t9nvlnhf04lhm6gev17u_weibo_7942782267|ioa.wangda.zhunzhun||ios||||||{"flow_id":"","ev":"USER_CHAT_PAID","true_paid_amount":"8800","expert_id":"1310","valid_minute":"30","channel":"8f7a3c8dd5d64b98a4c9317dd271f9f3","vc_id":"1565520","vc_type":"0","valid_duration":"1800","user_id":"1478640","request_time":"2025-12-31 21:56:41","start_time":"2025-12-31 21:56:51","end_time":"2025-12-31 22:26:51","chat_price":"1200","pn":"ioa.wangda.zhunzhun","pv":"2.0.6","an":"zhunzhun","device_id":"5yl7t9nvlnhf04lhm6gev17u_weibo_7942782267","logtime":"2025-12-31 22:26:51","cgi":"sharp_zhunzhun","free_minute":"0","expert_income":"12222","activity_minute":0,"activity_income":"0","puid_v3":"2ea29e4e16c500a2fd5ba87d6a770fab","flow_trace_id":"nature_2025-11-10"}
2025-12-31|22|sharp_zhunzhun|USER_CHAT_PAID|2025-12-31 22:35:54||ls8x9rz70myjds0um1awqfmt_weibo_7776460205|com.wangda.zhunzhun||android||||||{"flow_id":"4638100","ev":"USER_CHAT_PAID","true_paid_amount":"10000","expert_id":"823","valid_minute":"22","channel":"682dd4ae9e0a41528c0a88da679dfa16","vc_id":"1565545","vc_type":"0","valid_duration":"1315","user_id":"624983","request_time":"2025-12-31 22:13:02","start_time":"2025-12-31 22:13:59","end_time":"2025-12-31 22:35:54","chat_price":"1100","pn":"com.wangda.zhunzhun","pv":"2.3.9","an":"zhunzhun","device_id":"ls8x9rz70myjds0um1awqfmt_weibo_7776460205","logtime":"2025-12-31 22:35:54","cgi":"sharp_zhunzhun","free_minute":"0","expert_income":"8543","activity_minute":0,"activity_income":"0","puid_v3":"fef621c537310632afd392c2fba7842b","flow_trace_id":"voice_4638100"}
2025-12-31|22|sharp_zhunzhun|USER_CHAT_PAID|2025-12-31 22:42:48||qvy51eopygzf1kj5m3mjx8iv_kuaishou_33987712|com.wangda.zhunzhun||android||||||{"flow_id":"","ev":"USER_CHAT_PAID","true_paid_amount":"9000","expert_id":"1462","valid_minute":"30","channel":"75f73d66bd0a498cbad2b382ca3711e9","vc_id":"1565543","vc_type":"0","valid_duration":"1800","user_id":"1371933","request_time":"2025-12-31 22:12:45","start_time":"2025-12-31 22:12:48","end_time":"2025-12-31 22:42:48","chat_price":"1200","pn":"com.wangda.zhunzhun","pv":"2.3.9","an":"zhunzhun","device_id":"qvy51eopygzf1kj5m3mjx8iv_kuaishou_33987712","logtime":"2025-12-31 22:42:48","cgi":"sharp_zhunzhun","free_minute":"0","expert_income":"12240","activity_minute":0,"activity_income":"0","puid_v3":"803b54274d1b2427380fc1b9a8dc4dc7","flow_trace_id":"nature_2025-11-10"}
2025-12-31|22|sharp_zhunzhun|USER_CHAT_PAID|2025-12-31 22:53:06||5yl7t9nvlnhf04lhm6gev17u_weibo_7942782267|ioa.wangda.zhunzhun||ios||||||{"flow_id":"","ev":"USER_CHAT_PAID","true_paid_amount":"0","expert_id":"1310","valid_minute":"26","channel":"5610941108fa4432b7abd69c45fadcd3","vc_id":"1565573","vc_type":"0","valid_duration":"1540","user_id":"1478640","request_time":"2025-12-31 22:27:18","start_time":"2025-12-31 22:27:26","end_time":"2025-12-31 22:53:07","chat_price":"1200","pn":"ioa.wangda.zhunzhun","pv":"2.0.6","an":"zhunzhun","device_id":"5yl7t9nvlnhf04lhm6gev17u_weibo_7942782267","logtime":"2025-12-31 22:53:06","cgi":"sharp_zhunzhun","free_minute":"10","expert_income":"6144","activity_minute":0,"activity_income":"0","puid_v3":"2ea29e4e16c500a2fd5ba87d6a770fab","flow_trace_id":"nature_2025-11-10"}
2025-12-31|20|sharp_zhunzhun|USER_CHAT_PAID|2025-12-31 20:29:06||5yl7t9nvlnhf04lhm6gev17u_weibo_7942782267|ioa.wangda.zhunzhun||ios||||||{"flow_id":"","ev":"USER_CHAT_PAID","true_paid_amount":"8800","expert_id":"1310","valid_minute":"30","channel":"a5b9c8c65b004b6c946c3428f5c03f6c","vc_id":"1565294","vc_type":"0","valid_duration":"1800","user_id":"1478640","request_time":"2025-12-31 19:59:00","start_time":"2025-12-31 19:59:06","end_time":"2025-12-31 20:29:06","chat_price":"1200","pn":"ioa.wangda.zhunzhun","pv":"2.0.6","an":"zhunzhun","device_id":"5yl7t9nvlnhf04lhm6gev17u_weibo_7942782267","logtime":"2025-12-31 20:29:06","cgi":"sharp_zhunzhun","free_minute":"0","expert_income":"12222","activity_minute":0,"activity_income":"0","puid_v3":"2ea29e4e16c500a2fd5ba87d6a770fab","flow_trace_id":"nature_2025-11-10"}
2025-12-31|20|sharp_zhunzhun|USER_CHAT_PAID|2025-12-31 20:49:01||5yl7t9nvlnhf04lhm6gev17u_weibo_7942782267|ioa.wangda.zhunzhun||ios||||||{"flow_id":"","ev":"USER_CHAT_PAID","true_paid_amount":"0","expert_id":"1310","valid_minute":"19","channel":"0c3ade7e6e284f1e926f5e379a80f548","vc_id":"1565364","vc_type":"0","valid_duration":"1156","user_id":"1478640","request_time":"2025-12-31 20:29:43","start_time":"2025-12-31 20:29:45","end_time":"2025-12-31 20:49:01","chat_price":"1200","pn":"ioa.wangda.zhunzhun","pv":"2.0.6","an":"zhunzhun","device_id":"5yl7t9nvlnhf04lhm6gev17u_weibo_7942782267","logtime":"2025-12-31 20:49:01","cgi":"sharp_zhunzhun","free_minute":"10","expert_income":"3456","activity_minute":0,"activity_income":"0","puid_v3":"2ea29e4e16c500a2fd5ba87d6a770fab","flow_trace_id":"nature_2025-11-10"}
2026-01-03|11|sharp_zhunzhun|USER_CHAT_PAID|2026-01-03 11:01:27||5yl7t9nvlnhf04lhm6gev17u_weibo_7942782267|ioa.wangda.zhunzhun||ios||||||{"flow_id":"6020009","ev":"USER_CHAT_PAID","true_paid_amount":"8800","expert_id":"1207","valid_minute":"46","channel":"89b6c705e7af4bb181958cc26f6e51d4","vc_id":"1570240","vc_type":"0","valid_duration":"2760","user_id":"1478640","request_time":"2026-01-03 10:15:24","start_time":"2026-01-03 10:15:26","end_time":"2026-01-03 11:01:27","chat_price":"800","pn":"ioa.wangda.zhunzhun","pv":"2.0.6","an":"zhunzhun","device_id":"5yl7t9nvlnhf04lhm6gev17u_weibo_7942782267","logtime":"2026-01-03 11:01:27","cgi":"sharp_zhunzhun","free_minute":"0","expert_income":"12479","activity_minute":0,"activity_income":"0","puid_v3":"2ea29e4e16c500a2fd5ba87d6a770fab","flow_trace_id":"voice_6020009"}
2026-01-03|11|sharp_zhunzhun|USER_CHAT_PAID|2026-01-03 11:47:58||5yl7t9nvlnhf04lhm6gev17u_weibo_7942782267|ioa.wangda.zhunzhun||ios||||||{"flow_id":"6020009","ev":"USER_CHAT_PAID","true_paid_amount":"8800","expert_id":"1207","valid_minute":"46","channel":"6daf7678891642438429d0958146acbe","vc_id":"1570295","vc_type":"0","valid_duration":"2760","user_id":"1478640","request_time":"2026-01-03 11:01:56","start_time":"2026-01-03 11:01:58","end_time":"2026-01-03 11:47:58","chat_price":"800","pn":"ioa.wangda.zhunzhun","pv":"2.0.6","an":"zhunzhun","device_id":"5yl7t9nvlnhf04lhm6gev17u_weibo_7942782267","logtime":"2026-01-03 11:47:58","cgi":"sharp_zhunzhun","free_minute":"0","expert_income":"12479","activity_minute":0,"activity_income":"0","puid_v3":"2ea29e4e16c500a2fd5ba87d6a770fab","flow_trace_id":"voice_6020009"}
2026-01-03|11|sharp_zhunzhun|USER_CHAT_PAID|2026-01-03 11:54:13||6EBA5B514B638DE27C0C768DA0868B60|ioa.wangda.zhunzhun||ios||||||{"flow_id":"5577973","ev":"USER_CHAT_PAID","true_paid_amount":"17200","expert_id":"1749","valid_minute":"29","channel":"01a68dea0bd2409e81020f0445fd4fcd","vc_id":"1570326","vc_type":"0","valid_duration":"1739","user_id":"2021140","request_time":"2026-01-03 11:25:09","start_time":"2026-01-03 11:25:13","end_time":"2026-01-03 11:54:13","chat_price":"1200","pn":"ioa.wangda.zhunzhun","pv":"2.0.6","an":"zhunzhun","device_id":"6EBA5B514B638DE27C0C768DA0868B60","logtime":"2026-01-03 11:54:13","cgi":"sharp_zhunzhun","free_minute":"0","expert_income":"12511","activity_minute":0,"activity_income":"0","puid_v3":"6EBA5B514B638DE27C0C768DA0868B60","flow_trace_id":"voice_5577973"}
2025-12-31|17|sharp_zhunzhun|USER_CHAT_PAID|2025-12-31 17:16:51||wyy3gxkq6ox1pbusm4sc0f8c_kuaishou_38401853|ioa.wangda.zhunzhun||ios||||||{"flow_id":"4959461","ev":"USER_CHAT_PAID","true_paid_amount":"18471","expert_id":"1927","valid_minute":"45","channel":"a6281b55195e4fd2a184f3d2ec00f6f7","vc_id":"1564940","vc_type":"0","valid_duration":"2700","user_id":"1407527","request_time":"2025-12-31 16:31:48","start_time":"2025-12-31 16:31:51","end_time":"2025-12-31 17:16:51","chat_price":"1000","pn":"ioa.wangda.zhunzhun","pv":"2.0.6","an":"zhunzhun","device_id":"wyy3gxkq6ox1pbusm4sc0f8c_kuaishou_38401853","logtime":"2025-12-31 17:16:51","cgi":"sharp_zhunzhun","free_minute":"0","expert_income":"11557","activity_minute":0,"activity_income":"0","puid_v3":"D2580CC0148EAC71FD87606B0143126E","flow_trace_id":"voice_4959461"}
2026-01-03|16|sharp_zhunzhun|USER_CHAT_PAID|2026-01-03 16:11:06||5yl7t9nvlnhf04lhm6gev17u_weibo_7942782267|ioa.wangda.zhunzhun||ios||||||{"flow_id":"5988862","ev":"USER_CHAT_PAID","true_paid_amount":"8800","expert_id":"2712","valid_minute":"18","channel":"40a94b147c00434ba7b5facfd14c7e68","vc_id":"1570728","vc_type":"0","valid_duration":"1097","user_id":"1478640","request_time":"2026-01-03 15:52:31","start_time":"2026-01-03 15:52:49","end_time":"2026-01-03 16:11:06","chat_price":"600","pn":"ioa.wangda.zhunzhun","pv":"2.0.6","an":"zhunzhun","device_id":"5yl7t9nvlnhf04lhm6gev17u_weibo_7942782267","logtime":"2026-01-03 16:11:06","cgi":"sharp_zhunzhun","free_minute":"0","expert_income":"4159","activity_minute":0,"activity_income":"0","puid_v3":"2ea29e4e16c500a2fd5ba87d6a770fab","flow_trace_id":"2D7ED0EC-516F-4E83-AF1E-2CE9637E75C2"}
2026-01-03|16|sharp_zhunzhun|USER_CHAT_PAID|2026-01-03 16:12:48||qvy51eopygzf1kj5m3mjx8iv_kuaishou_33987712|com.wangda.zhunzhun||android||||||{"flow_id":"","ev":"USER_CHAT_PAID","true_paid_amount":"34000","expert_id":"1462","valid_minute":"50","channel":"52d13310ce894cfbba3c6b5ccc1676a2","vc_id":"1570680","vc_type":"0","valid_duration":"2974","user_id":"1371933","request_time":"2026-01-03 15:23:07","start_time":"2026-01-03 15:23:14","end_time":"2026-01-03 16:12:49","chat_price":"1200","pn":"com.wangda.zhunzhun","pv":"2.3.9","an":"zhunzhun","device_id":"qvy51eopygzf1kj5m3mjx8iv_kuaishou_33987712","logtime":"2026-01-03 16:12:48","cgi":"sharp_zhunzhun","free_minute":"0","expert_income":"21919","activity_minute":0,"activity_income":"0","puid_v3":"803b54274d1b2427380fc1b9a8dc4dc7","flow_trace_id":"nature_2025-11-10"}
2026-01-03|16|sharp_zhunzhun|USER_CHAT_PAID|2026-01-03 16:24:02||zb1sjdakg26vhc1sm3q0u53i_baidu_huanyu144|ioa.wangda.zhunzhun||ios||||||{"flow_id":"5960514","ev":"USER_CHAT_PAID","true_paid_amount":"8800","expert_id":"805","valid_minute":"7","channel":"a5f8a42fd38348f4919ceace86012002","vc_id":"1570774","vc_type":"0","valid_duration":"420","user_id":"1374454","request_time":"2026-01-03 16:16:58","start_time":"2026-01-03 16:17:02","end_time":"2026-01-03 16:24:03","chat_price":"1600","pn":"ioa.wangda.zhunzhun","pv":"2.0.6","an":"zhunzhun","device_id":"zb1sjdakg26vhc1sm3q0u53i_baidu_huanyu144","logtime":"2026-01-03 16:24:02","cgi":"sharp_zhunzhun","free_minute":"0","expert_income":"4287","activity_minute":0,"activity_income":"0","puid_v3":"9db22adca7260c0471ee64b01c43a23f","flow_trace_id":"67A51AC4-97D0-4B8D-9B0D-07BE9C9B0C76"}
2026-01-03|16|sharp_zhunzhun|USER_CHAT_PAID|2026-01-03 16:24:05||zusrwmmnsfuxskoimgddernx_baidu_72813998|com.wangda.zhunzhun||android||||||{"flow_id":"","ev":"USER_CHAT_PAID","true_paid_amount":"0","expert_id":"2476","valid_minute":"18","channel":"511745e4f58a419aa905e2f68a24a4cc","vc_id":"1570754","vc_type":"0","valid_duration":"1103","user_id":"2059427","request_time":"2026-01-03 16:05:39","start_time":"2026-01-03 16:05:41","end_time":"2026-01-03 16:24:05","chat_price":"1000","pn":"com.wangda.zhunzhun","pv":"2.3.6","an":"zhunzhun","device_id":"zusrwmmnsfuxskoimgddernx_baidu_72813998","logtime":"2026-01-03 16:24:05","cgi":"sharp_zhunzhun","free_minute":"5","expert_income":"4160","activity_minute":0,"activity_income":"0","puid_v3":"dc69f8f093b90795c6b1a849aca8fe20","flow_trace_id":"a10f6327-8ba7-4f7d-aaea-8ba14c63410a"}
2026-01-03|16|sharp_zhunzhun|USER_CHAT_PAID|2026-01-03 16:25:12||06559804CE34BDDAEB719757418B2833|ioa.wangda.zhunzhun||ios||||||{"flow_id":"","ev":"USER_CHAT_PAID","true_paid_amount":"8800","expert_id":"1724","valid_minute":"8","channel":"91418a68273c43a0b17f249521494e33","vc_id":"1570775","vc_type":"0","valid_duration":"480","user_id":"1824550","request_time":"2026-01-03 16:17:09","start_time":"2026-01-03 16:17:12","end_time":"2026-01-03 16:25:12","chat_price":"1400","pn":"ioa.wangda.zhunzhun","pv":"2.0.6","an":"zhunzhun","device_id":"06559804CE34BDDAEB719757418B2833","logtime":"2026-01-03 16:25:12","cgi":"sharp_zhunzhun","free_minute":"0","expert_income":"4287","activity_minute":0,"activity_income":"0","puid_v3":"06559804CE34BDDAEB719757418B2833","flow_trace_id":"nature_2025-11-10"}
2026-01-03|16|sharp_zhunzhun|USER_CHAT_PAID|2026-01-03 16:31:32||zb1sjdakg26vhc1sm3q0u53i_baidu_huanyu144|ioa.wangda.zhunzhun||ios||||||{"flow_id":"5960514","ev":"USER_CHAT_PAID","true_paid_amount":"8800","expert_id":"805","valid_minute":"7","channel":"091f30b652fe4504a080e4f53c7f27ac","vc_id":"1570786","vc_type":"0","valid_duration":"420","user_id":"1374454","request_time":"2026-01-03 16:24:30","start_time":"2026-01-03 16:24:32","end_time":"2026-01-03 16:31:32","chat_price":"1600","pn":"ioa.wangda.zhunzhun","pv":"2.0.6","an":"zhunzhun","device_id":"zb1sjdakg26vhc1sm3q0u53i_baidu_huanyu144","logtime":"2026-01-03 16:31:32","cgi":"sharp_zhunzhun","free_minute":"0","expert_income":"4287","activity_minute":0,"activity_income":"0","puid_v3":"9db22adca7260c0471ee64b01c43a23f","flow_trace_id":"67A51AC4-97D0-4B8D-9B0D-07BE9C9B0C76"}
2026-01-03|16|sharp_zhunzhun|USER_CHAT_PAID|2026-01-03 16:37:06||3jdxaa3j1icf8zgbm911u286_baidu_huanyu66|ioa.wangda.zhunzhun||ios||||||{"flow_id":"4627671","ev":"USER_CHAT_PAID","true_paid_amount":"8100","expert_id":"1766","valid_minute":"8","channel":"fd2199d9989e49c28d1545fbb82de622","vc_id":"1570797","vc_type":"0","valid_duration":"474","user_id":"1613954","request_time":"2026-01-03 16:29:10","start_time":"2026-01-03 16:29:12","end_time":"2026-01-03 16:37:06","chat_price":"1300","pn":"ioa.wangda.zhunzhun","pv":"2.0.6","an":"zhunzhun","device_id":"3jdxaa3j1icf8zgbm911u286_baidu_huanyu66","logtime":"2026-01-03 16:37:06","cgi":"sharp_zhunzhun","free_minute":"0","expert_income":"3975","activity_minute":0,"activity_income":"0","puid_v3":"2721961b866383c833e8a8334ee21099","flow_trace_id":"voice_4627671"}
2026-01-03|16|sharp_zhunzhun|USER_CHAT_PAID|2026-01-03 16:44:20||qvy51eopygzf1kj5m3mjx8iv_kuaishou_33987712|com.wangda.zhunzhun||android||||||{"flow_id":"","ev":"USER_CHAT_PAID","true_paid_amount":"10000","expert_id":"1462","valid_minute":"31","channel":"e36ef61d17774acf8c97e284812f71a3","vc_id":"1570770","vc_type":"0","valid_duration":"1859","user_id":"1371933","request_time":"2026-01-03 16:13:18","start_time":"2026-01-03 16:13:20","end_time":"2026-01-03 16:44:20","chat_price":"1200","pn":"com.wangda.zhunzhun","pv":"2.3.9","an":"zhunzhun","device_id":"qvy51eopygzf1kj5m3mjx8iv_kuaishou_33987712","logtime":"2026-01-03 16:44:20","cgi":"sharp_zhunzhun","free_minute":"0","expert_income":"12703","activity_minute":0,"activity_income":"0","puid_v3":"803b54274d1b2427380fc1b9a8dc4dc7","flow_trace_id":"nature_2025-11-10"}
2026-01-03|16|sharp_zhunzhun|USER_CHAT_PAID|2026-01-03 16:50:11||6EBA5B514B638DE27C0C768DA0868B60|ioa.wangda.zhunzhun||ios||||||{"flow_id":"5577973","ev":"USER_CHAT_PAID","true_paid_amount":"20800","expert_id":"1749","valid_minute":"30","channel":"e771bfc450774284959134d8c536c9d6","vc_id":"1570779","vc_type":"0","valid_duration":"1802","user_id":"2021140","request_time":"2026-01-03 16:20:05","start_time":"2026-01-03 16:20:08","end_time":"2026-01-03 16:50:11","chat_price":"1200","pn":"ioa.wangda.zhunzhun","pv":"2.0.6","an":"zhunzhun","device_id":"6EBA5B514B638DE27C0C768DA0868B60","logtime":"2026-01-03 16:50:11","cgi":"sharp_zhunzhun","free_minute":"0","expert_income":"13183","activity_minute":0,"activity_income":"0","puid_v3":"6EBA5B514B638DE27C0C768DA0868B60","flow_trace_id":"voice_5577973"}
2026-01-01|11|sharp_zhunzhun|USER_CHAT_PAID|2026-01-01 11:25:21||wyy3gxkq6ox1pbusm4sc0f8c_kuaishou_38401853|ioa.wangda.zhunzhun||ios||||||{"flow_id":"4959461","ev":"USER_CHAT_PAID","true_paid_amount":"17600","expert_id":"1927","valid_minute":"35","channel":"1a66ac1dae3a41a8901b96f34ee69717","vc_id":"1566350","vc_type":"0","valid_duration":"2100","user_id":"1407527","request_time":"2026-01-01 10:50:16","start_time":"2026-01-01 10:50:21","end_time":"2026-01-01 11:25:21","chat_price":"1000","pn":"ioa.wangda.zhunzhun","pv":"2.0.6","an":"zhunzhun","device_id":"wyy3gxkq6ox1pbusm4sc0f8c_kuaishou_38401853","logtime":"2026-01-01 11:25:21","cgi":"sharp_zhunzhun","free_minute":"0","expert_income":"12607","activity_minute":0,"activity_income":"0","puid_v3":"D2580CC0148EAC71FD87606B0143126E","flow_trace_id":"voice_4959461"}
2026-01-01|11|sharp_zhunzhun|USER_CHAT_PAID|2026-01-01 11:56:47||06559804CE34BDDAEB719757418B2833|ioa.wangda.zhunzhun||ios||||||{"flow_id":"","ev":"USER_CHAT_PAID","true_paid_amount":"3900","expert_id":"1724","valid_minute":"9","channel":"4c12fc5d3dd5491f94209e20f5981874","vc_id":"1566427","vc_type":"0","valid_duration":"518","user_id":"1824550","request_time":"2026-01-01 11:48:05","start_time":"2026-01-01 11:48:09","end_time":"2026-01-01 11:56:47","chat_price":"1400","pn":"ioa.wangda.zhunzhun","pv":"2.0.6","an":"zhunzhun","device_id":"06559804CE34BDDAEB719757418B2833","logtime":"2026-01-01 11:56:47","cgi":"sharp_zhunzhun","free_minute":"0","expert_income":"2087","activity_minute":0,"activity_income":"0","puid_v3":"06559804CE34BDDAEB719757418B2833","flow_trace_id":"nature_2025-11-10"}
2026-01-04|1|sharp_zhunzhun|USER_CHAT_PAID|2026-01-04 01:04:14||2zdsl9cfp33qu3krm0vb1hw8_kuaishou_21848961|ioa.wangda.zhunzhun||ios||||||{"flow_id":"","ev":"USER_CHAT_PAID","true_paid_amount":"10000","expert_id":"2711","valid_minute":"50","channel":"7da5d913c89648f59fe9cc64d366d495","vc_id":"1571674","vc_type":"0","valid_duration":"3000","user_id":"1077984","request_time":"2026-01-04 00:14:11","start_time":"2026-01-04 00:14:13","end_time":"2026-01-04 01:04:14","chat_price":"700","pn":"ioa.wangda.zhunzhun","pv":"2.0.6","an":"zhunzhun","device_id":"2zdsl9cfp33qu3krm0vb1hw8_kuaishou_21848961","logtime":"2026-01-04 01:04:14","cgi":"sharp_zhunzhun","free_minute":"10","expert_income":"9759","activity_minute":0,"activity_income":"0","puid_v3":"a17ccad873bb57f7ca124049b39fea59","flow_trace_id":"A3DABC79-7AB7-40EB-8B33-167765720FD3"}
2026-01-04|1|sharp_zhunzhun|USER_CHAT_PAID|2026-01-04 01:41:33||2zdsl9cfp33qu3krm0vb1hw8_kuaishou_21848961|ioa.wangda.zhunzhun||ios||||||{"flow_id":"","ev":"USER_CHAT_PAID","true_paid_amount":"5000","expert_id":"2711","valid_minute":"37","channel":"b81d7eff55bd4ae2be2e77a42937496d","vc_id":"1571719","vc_type":"0","valid_duration":"2220","user_id":"1077984","request_time":"2026-01-04 01:04:31","start_time":"2026-01-04 01:04:33","end_time":"2026-01-04 01:41:33","chat_price":"700","pn":"ioa.wangda.zhunzhun","pv":"2.0.6","an":"zhunzhun","device_id":"2zdsl9cfp33qu3krm0vb1hw8_kuaishou_21848961","logtime":"2026-01-04 01:41:33","cgi":"sharp_zhunzhun","free_minute":"5","expert_income":"7567","activity_minute":0,"activity_income":"0","puid_v3":"a17ccad873bb57f7ca124049b39fea59","flow_trace_id":"A3DABC79-7AB7-40EB-8B33-167765720FD3"}
2026-01-03|22|sharp_zhunzhun|USER_CHAT_PAID|2026-01-03 22:25:09||zusrwmmnsfuxskoimgddernx_baidu_72813998|com.wangda.zhunzhun||android||||||{"flow_id":"","ev":"USER_CHAT_PAID","true_paid_amount":"80000","expert_id":"2476","valid_minute":"94","channel":"0bf0450725fc4443b9affa74eb5af5e9","vc_id":"1571271","vc_type":"0","valid_duration":"5629","user_id":"2059427","request_time":"2026-01-03 20:51:18","start_time":"2026-01-03 20:51:20","end_time":"2026-01-03 22:25:10","chat_price":"1000","pn":"com.wangda.zhunzhun","pv":"2.3.6","an":"zhunzhun","device_id":"zusrwmmnsfuxskoimgddernx_baidu_72813998","logtime":"2026-01-03 22:25:09","cgi":"sharp_zhunzhun","free_minute":"0","expert_income":"36479","activity_minute":0,"activity_income":"0","puid_v3":"dc69f8f093b90795c6b1a849aca8fe20","flow_trace_id":"a10f6327-8ba7-4f7d-aaea-8ba14c63410a"}
2026-01-03|22|sharp_zhunzhun|USER_CHAT_PAID|2026-01-03 22:29:29||qvy51eopygzf1kj5m3mjx8iv_kuaishou_33987712|com.wangda.zhunzhun||android||||||{"flow_id":"","ev":"USER_CHAT_PAID","true_paid_amount":"20000","expert_id":"1462","valid_minute":"40","channel":"8d25d7b11f9c46af98e06b58e93026b7","vc_id":"1571400","vc_type":"0","valid_duration":"2400","user_id":"1371933","request_time":"2026-01-03 21:49:21","start_time":"2026-01-03 21:49:28","end_time":"2026-01-03 22:29:29","chat_price":"1200","pn":"com.wangda.zhunzhun","pv":"2.3.9","an":"zhunzhun","device_id":"qvy51eopygzf1kj5m3mjx8iv_kuaishou_33987712","logtime":"2026-01-03 22:29:29","cgi":"sharp_zhunzhun","free_minute":"0","expert_income":"16959","activity_minute":0,"activity_income":"0","puid_v3":"803b54274d1b2427380fc1b9a8dc4dc7","flow_trace_id":"nature_2025-11-10"}
2026-01-03|22|sharp_zhunzhun|USER_CHAT_PAID|2026-01-03 22:40:24||5yl7t9nvlnhf04lhm6gev17u_weibo_7942782267|ioa.wangda.zhunzhun||ios||||||{"flow_id":"","ev":"USER_CHAT_PAID","true_paid_amount":"8800","expert_id":"1310","valid_minute":"45","channel":"0fb9bfb0a4324613afff11fcb6df5d14","vc_id":"1571411","vc_type":"0","valid_duration":"2700","user_id":"1478640","request_time":"2026-01-03 21:55:16","start_time":"2026-01-03 21:55:24","end_time":"2026-01-03 22:40:24","chat_price":"1200","pn":"ioa.wangda.zhunzhun","pv":"2.0.6","an":"zhunzhun","device_id":"5yl7t9nvlnhf04lhm6gev17u_weibo_7942782267","logtime":"2026-01-03 22:40:24","cgi":"sharp_zhunzhun","free_minute":"15","expert_income":"12222","activity_minute":0,"activity_income":"0","puid_v3":"2ea29e4e16c500a2fd5ba87d6a770fab","flow_trace_id":"nature_2025-11-10"}
2026-01-03|23|sharp_zhunzhun|USER_CHAT_PAID|2026-01-03 23:01:01||qvy51eopygzf1kj5m3mjx8iv_kuaishou_33987712|com.wangda.zhunzhun||android||||||{"flow_id":"","ev":"USER_CHAT_PAID","true_paid_amount":"10000","expert_id":"1462","valid_minute":"31","channel":"1fc56b65290440d4afa9245433b28b7f","vc_id":"1571478","vc_type":"0","valid_duration":"1860","user_id":"1371933","request_time":"2026-01-03 22:29:55","start_time":"2026-01-03 22:30:00","end_time":"2026-01-03 23:01:01","chat_price":"1200","pn":"com.wangda.zhunzhun","pv":"2.3.9","an":"zhunzhun","device_id":"qvy51eopygzf1kj5m3mjx8iv_kuaishou_33987712","logtime":"2026-01-03 23:01:01","cgi":"sharp_zhunzhun","free_minute":"0","expert_income":"12703","activity_minute":0,"activity_income":"0","puid_v3":"803b54274d1b2427380fc1b9a8dc4dc7","flow_trace_id":"nature_2025-11-10"}
2026-01-03|23|sharp_zhunzhun|USER_CHAT_PAID|2026-01-03 23:11:13||5yl7t9nvlnhf04lhm6gev17u_weibo_7942782267|ioa.wangda.zhunzhun||ios||||||{"flow_id":"","ev":"USER_CHAT_PAID","true_paid_amount":"8800","expert_id":"1310","valid_minute":"30","channel":"f33614b30780420793b1127ca0c78377","vc_id":"1571507","vc_type":"0","valid_duration":"1800","user_id":"1478640","request_time":"2026-01-03 22:41:08","start_time":"2026-01-03 22:41:13","end_time":"2026-01-03 23:11:14","chat_price":"1200","pn":"ioa.wangda.zhunzhun","pv":"2.0.6","an":"zhunzhun","device_id":"5yl7t9nvlnhf04lhm6gev17u_weibo_7942782267","logtime":"2026-01-03 23:11:13","cgi":"sharp_zhunzhun","free_minute":"0","expert_income":"12222","activity_minute":0,"activity_income":"0","puid_v3":"2ea29e4e16c500a2fd5ba87d6a770fab","flow_trace_id":"nature_2025-11-10"}
2026-01-03|23|sharp_zhunzhun|USER_CHAT_PAID|2026-01-03 23:33:03||qvy51eopygzf1kj5m3mjx8iv_kuaishou_33987712|com.wangda.zhunzhun||android||||||{"flow_id":"","ev":"USER_CHAT_PAID","true_paid_amount":"10000","expert_id":"1462","valid_minute":"31","channel":"ce638c95137845a7992190f7eda674b2","vc_id":"1571556","vc_type":"0","valid_duration":"1860","user_id":"1371933","request_time":"2026-01-03 23:01:58","start_time":"2026-01-03 23:02:02","end_time":"2026-01-03 23:33:03","chat_price":"1200","pn":"com.wangda.zhunzhun","pv":"2.3.9","an":"zhunzhun","device_id":"qvy51eopygzf1kj5m3mjx8iv_kuaishou_33987712","logtime":"2026-01-03 23:33:03","cgi":"sharp_zhunzhun","free_minute":"0","expert_income":"12703","activity_minute":0,"activity_income":"0","puid_v3":"803b54274d1b2427380fc1b9a8dc4dc7","flow_trace_id":"nature_2025-11-10"}
2026-01-03|23|sharp_zhunzhun|USER_CHAT_PAID|2026-01-03 23:37:48||5yl7t9nvlnhf04lhm6gev17u_weibo_7942782267|ioa.wangda.zhunzhun||ios||||||{"flow_id":"","ev":"USER_CHAT_PAID","true_paid_amount":"8800","expert_id":"1310","valid_minute":"26","channel":"5fb24c8df8bd4597bf1a64b4f026c4e0","vc_id":"1571571","vc_type":"0","valid_duration":"1568","user_id":"1478640","request_time":"2026-01-03 23:11:36","start_time":"2026-01-03 23:11:39","end_time":"2026-01-03 23:37:48","chat_price":"1200","pn":"ioa.wangda.zhunzhun","pv":"2.0.6","an":"zhunzhun","device_id":"5yl7t9nvlnhf04lhm6gev17u_weibo_7942782267","logtime":"2026-01-03 23:37:48","cgi":"sharp_zhunzhun","free_minute":"10","expert_income":"6847","activity_minute":0,"activity_income":"0","puid_v3":"2ea29e4e16c500a2fd5ba87d6a770fab","flow_trace_id":"nature_2025-11-10"}
2026-01-03|10|sharp_zhunzhun|USER_CHAT_PAID|2026-01-03 10:14:53||5yl7t9nvlnhf04lhm6gev17u_weibo_7942782267|ioa.wangda.zhunzhun||ios||||||{"flow_id":"6020009","ev":"USER_CHAT_PAID","true_paid_amount":"8800","expert_id":"1207","valid_minute":"46","channel":"9b2256115ef24278b08a7b842f76cde9","vc_id":"1570200","vc_type":"0","valid_duration":"2760","user_id":"1478640","request_time":"2026-01-03 09:28:48","start_time":"2026-01-03 09:28:53","end_time":"2026-01-03 10:14:53","chat_price":"800","pn":"ioa.wangda.zhunzhun","pv":"2.0.6","an":"zhunzhun","device_id":"5yl7t9nvlnhf04lhm6gev17u_weibo_7942782267","logtime":"2026-01-03 10:14:53","cgi":"sharp_zhunzhun","free_minute":"0","expert_income":"12479","activity_minute":0,"activity_income":"0","puid_v3":"2ea29e4e16c500a2fd5ba87d6a770fab","flow_trace_id":"voice_6020009"}
2026-01-02|16|sharp_zhunzhun|USER_CHAT_PAID|2026-01-02 16:18:34||qvy51eopygzf1kj5m3mjx8iv_kuaishou_33987712|com.wangda.zhunzhun||android||||||{"flow_id":"","ev":"USER_CHAT_PAID","true_paid_amount":"7600","expert_id":"1462","valid_minute":"29","channel":"92338fa5bf3d4e029ada37dca0576e1e","vc_id":"1568860","vc_type":"0","valid_duration":"1740","user_id":"1371933","request_time":"2026-01-02 15:49:24","start_time":"2026-01-02 15:49:34","end_time":"2026-01-02 16:18:34","chat_price":"1200","pn":"com.wangda.zhunzhun","pv":"2.3.9","an":"zhunzhun","device_id":"qvy51eopygzf1kj5m3mjx8iv_kuaishou_33987712","logtime":"2026-01-02 16:18:34","cgi":"sharp_zhunzhun","free_minute":"0","expert_income":"11742","activity_minute":0,"activity_income":"0","puid_v3":"803b54274d1b2427380fc1b9a8dc4dc7","flow_trace_id":"nature_2025-11-10"}
2026-01-02|16|sharp_zhunzhun|USER_CHAT_PAID|2026-01-02 16:29:44||2zdsl9cfp33qu3krm0vb1hw8_kuaishou_21848961|ioa.wangda.zhunzhun||ios||||||{"flow_id":"4666692","ev":"USER_CHAT_PAID","true_paid_amount":"16000","expert_id":"1821","valid_minute":"40","channel":"0d8e406d132c46999cc51cd9c8e4b070","vc_id":"1568861","vc_type":"0","valid_duration":"2412","user_id":"1077984","request_time":"2026-01-02 15:49:28","start_time":"2026-01-02 15:49:31","end_time":"2026-01-02 16:29:44","chat_price":"800","pn":"ioa.wangda.zhunzhun","pv":"2.0.6","an":"zhunzhun","device_id":"2zdsl9cfp33qu3krm0vb1hw8_kuaishou_21848961","logtime":"2026-01-02 16:29:44","cgi":"sharp_zhunzhun","free_minute":"0","expert_income":"11520","activity_minute":0,"activity_income":"0","puid_v3":"a17ccad873bb57f7ca124049b39fea59","flow_trace_id":"voice_4666692"}
